tr,population,yr
249,3171,2016
258,1718,2016
265,5106,2016
267,6147,2016
268,4554,2016
319,4938,2016
330,7231,2016
340,2957,2016
346,2664,2016
348.01,4465,2016
61,3316,2016
84,4803,2016
90,6173,2016
102,3008,2016
109,2599,2016
142,3923,2016
161,5964,2016
169.01,3430,2016
174,2204,2016
259,4854,2016
290,7118,2016
4.01,2666,2016
4.02,3202,2016
8.01,1588,2016
301,5703,2016
137,4805,2016
115,4766,2016
120,1749,2016
121,2933,2016
166,1627,2016
173,2607,2016
175,6850,2016
176.02,4267,2016
253,4180,2016
255,2755,2016
256,2760,2016
263.01,4007,2016
270,2975,2016
247,4274,2016
38,3903,2016
125,5191,2016
210,4990,2016
347.02,3963,2016
266,6218,2016
104,4058,2016
132,2757,2016
176.01,5728,2016
329,3188,2016
8.03,3569,2016
8.04,4082,2016
9.01,2159,2016
9.02,2663,2016
10.01,2664,2016
10.02,3392,2016
11.01,3666,2016
11.02,2566,2016
12.01,4134,2016
12.02,5111,2016
27.01,4177,2016
110,3936,2016
112,4966,2016
41.02,9485,2016
158,6183,2016
164,4338,2016
169.02,5797,2016
171,3997,2016
7,3254,2016
18,3263,2016
21,2294,2016
257,3770,2016
211,2496,2016
261,3588,2016
272,5049,2016
275,5309,2016
280,3986,2016
294,2886,2016
348.02,5527,2016
348.03,4267,2016
240,3399,2016
281,4452,2016
283,6582,2016
308,4855,2016
310,8010,2016
333,4234,2016
336,7509,2016
363.03,6059,2016
366,1945,2016
299,4157,2016
277,5118,2016
285,2886,2016
293,3050,2016
302,7697,2016
306,8015,2016
316,6624,2016
238,4153,2016
252,7366,2016
135,3781,2016
143,1709,2016
146,4097,2016
148,1003,2016
149,3387,2016
113,2744,2016
114,7219,2016
117,1899,2016
131,1710,2016
138,2118,2016
162,2441,2016
179,7283,2016
183,4004,2016
190,8371,2016
206,1664,2016
215,3865,2016
216,2174,2016
27.02,4273,2016
28.01,4817,2016
28.02,5903,2016
30.01,4431,2016
30.02,2988,2016
71.01,2546,2016
71.02,4610,2016
81.01,2343,2016
81.02,5497,2016
86.01,2860,2016
86.02,2241,2016
87.01,4841,2016
87.02,2628,2016
88.01,2272,2016
88.02,6680,2016
98.01,2417,2016
122.01,3077,2016
122.03,643,2016
122.04,3753,2016
98.02,6445,2016
134.01,2327,2016
134.02,2786,2016
136.01,2864,2016
136.02,3667,2016
151.01,2317,2016
151.02,3507,2016
167.01,2871,2016
167.02,2796,2016
177.01,4012,2016
177.02,5441,2016
172.01,3194,2016
172.02,2991,2016
180.01,2662,2016
180.02,5740,2016
262,4304,2016
273,6815,2016
284,4714,2016
286,7526,2016
1,4012,2016
13,6108,2016
307,3897,2016
312,5229,2016
231,1374,2016
235,1308,2016
19,3159,2016
31,4064,2016
32,4631,2016
40.01,4035,2016
62,5186,2016
72,5046,2016
74,4377,2016
92,3568,2016
100,4610,2016
220,1772,2016
2,2563,2016
6,1301,2016
22,2309,2016
23,2836,2016
41.01,6410,2016
42.02,5828,2016
55,6532,2016
69,2542,2016
77,2102,2016
317,5884,2016
318,3920,2016
323,3074,2016
334,5565,2016
339,3413,2016
361,3756,2016
335,4090,2016
341,5891,2016
351,3985,2016
353.01,5306,2016
360,3128,2016
199,4080,2016
204,2631,2016
237,5300,2016
20,2039,2016
39.01,6234,2016
50,0,2016
54,1410,2016
60,6137,2016
111,3083,2016
82,6413,2016
36,7379,2016
170,3114,2016
243,3275,2016
195.01,4437,2016
195.02,3649,2016
201.01,4025,2016
201.02,3083,2016
274.01,3329,2016
274.02,7241,2016
279.01,3661,2016
279.02,4304,2016
388,3895,2016
389,3181,2016
390,9285,2016
9800,1026,2016
9802,715,2016
9803,0,2016
9804,0,2016
9805,0,2016
305.02,6708,2016
311.01,5506,2016
311.02,4364,2016
314.01,7421,2016
314.02,5558,2016
315.01,6349,2016
315.02,3852,2016
331.01,4768,2016
331.02,3628,2016
337.01,5552,2016
337.02,5230,2016
345.01,3482,2016
345.02,4989,2016
356.01,5318,2016
356.02,3268,2016
357.01,4562,2016
357.02,4239,2016
365.01,5137,2016
365.02,4134,2016
367,3003,2016
369,5355,2016
372,4608,2016
373,5835,2016
375,4178,2016
376,3058,2016
377,5476,2016
378,2624,2016
379,5437,2016
380,2441,2016
381,796,2016
382,2580,2016
383,3744,2016
384,2449,2016
385,1866,2016
386,1410,2016
387,2572,2016
197,6843,2016
200,1327,2016
108,3846,2016
145,1774,2016
276,3589,2016
16,2173,2016
39.02,5894,2016
78,4276,2016
93,4109,2016
321,4265,2016
214,4475,2016
349,5437,2016
269,2224,2016
292,4632,2016
313,6604,2016
325,5818,2016
14,3936,2016
363.02,3450,2016
9806,0,2016
9807,0,2016
9808,0,2016
165,2687,2016
236,2450,2016
239,1252,2016
242,3275,2016
245,3615,2016
254,4163,2016
83.01,4809,2016
83.02,4334,2016
63,4264,2016
73,2529,2016
79,4443,2016
85,7415,2016
96,4311,2016
118,5856,2016
119,4738,2016
139,2960,2016
147,2952,2016
156,2048,2016
163,3710,2016
178,6224,2016
300,7417,2016
188,9162,2016
191,8857,2016
192,9019,2016
17,2948,2016
25,3914,2016
33,5970,2016
40.02,4992,2016
42.01,5354,2016
289.01,4434,2016
289.02,6994,2016
305.01,5939,2016
208,2196,2016
209,2932,2016
207,5675,2016
184,2434,2016
198,6970,2016
212,2440,2016
213,3814,2016
217,5850,2016
241,1460,2016
248,2205,2016
64,3682,2016
65,4207,2016
66,3368,2016
91,2793,2016
103,2662,2016
105,4472,2016
3,3530,2016
5,2451,2016
24,5319,2016
37.01,6255,2016
287,2543,2016
291,4827,2016
326,6532,2016
332,2691,2016
101,7051,2016
107,3738,2016
133,3763,2016
260,3047,2016
263.02,5701,2016
264,5835,2016
271,3106,2016
278,4507,2016
282,5530,2016
288,4345,2016
298,5194,2016
309,4427,2016
320,6237,2016
342,3463,2016
15,2868,2016
29,4167,2016
37.02,3998,2016
140,3042,2016
141,2510,2016
144,3774,2016
152,5769,2016
153,4074,2016
157,2688,2016
9809,4,2016
9801,107,2016
9891,2926,2016
56,1032,2016
67,6512,2016
70,3530,2016
80,3889,2016
94,4123,2016
95,3065,2016
363.01,3454,2016
353.02,4396,2016
355,6966,2016
362.03,5472,2016
364,815,2016
205,2759,2016
218,4358,2016
219,1508,2016
338,6274,2016
344,7967,2016
347.01,6382,2016
352,3986,2016
358,6749,2016
359,5070,2016
362.01,4778,2016
362.02,5966,2016
106,1587,2016
244,2799,2016
246,2785,2016
160,6721,2016
168,3605,2016
202,4358,2016
203,2906,2016
67,6735,2017
70,3178,2017
80,4155,2017
94,4157,2017
95,3135,2017
363.01,3615,2017
353.02,4340,2017
355,7193,2017
362.03,5221,2017
364,969,2017
205,2505,2017
218,4958,2017
219,1428,2017
255,2808,2017
256,2634,2017
263.01,3969,2017
270,2840,2017
247,4201,2017
38,3829,2017
125,5287,2017
210,5042,2017
347.02,3814,2017
266,6838,2017
104,4232,2017
132,2609,2017
176.01,5506,2017
36,6820,2017
137,4655,2017
115,4686,2017
120,1871,2017
121,3217,2017
166,1682,2017
4.01,2632,2017
4.02,3299,2017
8.01,1407,2017
8.03,3003,2017
8.04,4727,2017
9.01,1949,2017
9.02,2653,2017
10.01,2572,2017
10.02,3309,2017
11.01,3762,2017
11.02,2556,2017
12.01,4084,2017
12.02,5080,2017
27.01,4414,2017
27.02,4336,2017
28.01,4832,2017
28.02,5786,2017
30.01,4143,2017
30.02,2951,2017
71.01,2638,2017
71.02,4944,2017
81.01,2884,2017
81.02,5763,2017
388,3783,2017
389,3510,2017
390,9466,2017
372,4520,2017
373,5603,2017
112,5959,2017
41.02,9509,2017
158,6207,2017
164,4640,2017
169.02,4954,2017
171,4338,2017
7,3451,2017
18,3272,2017
21,2280,2017
257,3944,2017
211,2473,2017
261,3671,2017
272,4742,2017
275,4946,2017
280,3947,2017
294,3288,2017
300,6600,2017
332,2680,2017
338,6202,2017
359,5326,2017
362.01,4782,2017
362.02,5945,2017
106,1732,2017
244,2993,2017
246,2980,2017
249,2715,2017
258,1620,2017
265,5653,2017
267,6680,2017
268,4845,2017
319,5136,2017
330,7354,2017
340,2950,2017
346,2717,2017
348.01,4408,2017
61,2979,2017
84,4727,2017
90,6072,2017
102,3311,2017
109,2836,2017
142,4387,2017
161,6027,2017
169.01,3205,2017
174,2107,2017
259,4812,2017
290,7372,2017
301,5730,2017
375,4200,2017
376,3051,2017
377,5532,2017
378,2646,2017
379,5040,2017
380,2282,2017
381,834,2017
382,2798,2017
383,3346,2017
384,2474,2017
385,1902,2017
386,1390,2017
86.01,3033,2017
86.02,2439,2017
87.01,4356,2017
93,4257,2017
321,4148,2017
214,4349,2017
349,5463,2017
269,2226,2017
83.02,4657,2017
63,4630,2017
73,2486,2017
79,4621,2017
85,7051,2017
96,4673,2017
87.02,2770,2017
387,2595,2017
241,1579,2017
248,2300,2017
64,3908,2017
65,4535,2017
66,3427,2017
91,2977,2017
103,2764,2017
105,4546,2017
3,3534,2017
5,2514,2017
24,5385,2017
37.01,6043,2017
287,2426,2017
291,5026,2017
326,7056,2017
285,2764,2017
293,2600,2017
302,8202,2017
306,7517,2017
316,6982,2017
317,6180,2017
318,4030,2017
323,3358,2017
334,5590,2017
339,3367,2017
361,3828,2017
335,4137,2017
341,5470,2017
351,4248,2017
353.01,5722,2017
360,3319,2017
199,4079,2017
204,2494,2017
237,5058,2017
20,2154,2017
39.01,6610,2017
50,0,2017
54,1555,2017
60,6308,2017
111,3139,2017
82,6600,2017
83.01,5119,2017
209,2559,2017
207,5849,2017
184,2241,2017
198,6595,2017
212,2516,2017
213,3859,2017
217,5994,2017
107,3527,2017
133,3354,2017
135,3894,2017
143,1718,2017
146,4165,2017
148,967,2017
149,3115,2017
263.02,6028,2017
264,5521,2017
271,2790,2017
278,4591,2017
282,5072,2017
288,4151,2017
298,5106,2017
309,4439,2017
320,6881,2017
342,3654,2017
15,2929,2017
29,4072,2017
37.02,4226,2017
140,3354,2017
141,2695,2017
144,4071,2017
152,5861,2017
153,3698,2017
157,2738,2017
160,6231,2017
168,3521,2017
202,4158,2017
203,2786,2017
292,4848,2017
313,7487,2017
325,6079,2017
14,4169,2017
363.02,3517,2017
118,6156,2017
119,4661,2017
139,2603,2017
147,3055,2017
156,1924,2017
163,3667,2017
178,5728,2017
197,7057,2017
200,1278,2017
108,4208,2017
145,1771,2017
165,2951,2017
236,2356,2017
239,1282,2017
242,3270,2017
245,3665,2017
254,4584,2017
260,3009,2017
170,3105,2017
243,3472,2017
276,3520,2017
16,2261,2017
39.02,5650,2017
78,4588,2017
188,8891,2017
191,8712,2017
192,8899,2017
17,2956,2017
173,2509,2017
175,6784,2017
176.02,4353,2017
253,4489,2017
238,4063,2017
252,7222,2017
262,4014,2017
273,6291,2017
284,4409,2017
286,6674,2017
1,4155,2017
13,6482,2017
307,4377,2017
312,5207,2017
231,1323,2017
235,1282,2017
19,3381,2017
31,4319,2017
32,4064,2017
40.01,4035,2017
62,4798,2017
305.02,6791,2017
311.01,5765,2017
311.02,4366,2017
314.01,7617,2017
314.02,5980,2017
315.01,6397,2017
315.02,4283,2017
331.01,4717,2017
331.02,3486,2017
337.01,6163,2017
337.02,5286,2017
345.01,3597,2017
345.02,5380,2017
356.01,5812,2017
356.02,3410,2017
357.01,5017,2017
357.02,4031,2017
365.01,5262,2017
365.02,4026,2017
88.01,2320,2017
88.02,6452,2017
98.01,2391,2017
98.02,6427,2017
122.01,3114,2017
122.03,469,2017
122.04,3973,2017
134.01,2276,2017
134.02,2913,2017
136.01,2654,2017
136.02,3593,2017
151.01,2152,2017
151.02,3416,2017
167.01,2836,2017
167.02,2642,2017
172.01,2870,2017
172.02,3112,2017
177.01,3849,2017
177.02,5360,2017
180.01,3027,2017
180.02,6036,2017
195.01,4704,2017
195.02,3529,2017
201.01,3706,2017
201.02,2805,2017
274.01,3160,2017
344,7870,2017
347.01,6656,2017
352,4279,2017
358,6982,2017
113,3311,2017
114,7292,2017
117,1998,2017
131,1664,2017
138,1840,2017
162,2512,2017
179,6382,2017
183,3985,2017
190,8220,2017
206,1577,2017
215,3855,2017
216,2368,2017
220,1623,2017
2,2683,2017
6,1207,2017
22,2385,2017
23,2930,2017
41.01,6168,2017
42.02,5447,2017
55,6864,2017
69,2557,2017
77,2020,2017
110,3888,2017
208,2226,2017
9800,1013,2017
9801,98,2017
9802,637,2017
9803,0,2017
9804,0,2017
9805,0,2017
9806,0,2017
9807,0,2017
9808,0,2017
9809,0,2017
9891,2536,2017
25,3955,2017
33,6174,2017
40.02,5035,2017
42.01,5388,2017
56,970,2017
72,4858,2017
74,4786,2017
92,3590,2017
100,4744,2017
101,7731,2017
367,3035,2017
369,5740,2017
274.02,6650,2017
279.01,4290,2017
279.02,4246,2017
289.01,4178,2017
289.02,6732,2017
305.01,6114,2017
329,3303,2017
348.02,5520,2017
348.03,4164,2017
240,3725,2017
281,4451,2017
283,6107,2017
308,5536,2017
310,7660,2017
333,4274,2017
336,7324,2017
363.03,6284,2017
366,2213,2017
299,4347,2017
277,4814,2017
329,3794,2018
348.02,5639,2018
348.03,4253,2018
240,3531,2018
281,4792,2018
283,6535,2018
308,5365,2018
310,7586,2018
333,4368,2018
336,7070,2018
363.03,6565,2018
366,2345,2018
299,4136,2018
277,4792,2018
285,2489,2018
293,2947,2018
302,8906,2018
389,3272,2018
390,9034,2018
9800,691,2018
9802,521,2018
9803,0,2018
9804,0,2018
9805,0,2018
9806,0,2018
9807,0,2018
9808,0,2018
306,7489,2018
316,6067,2018
83.01,4912,2018
83.02,4895,2018
63,4162,2018
73,2651,2018
79,4891,2018
85,6994,2018
96,4545,2018
118,6169,2018
119,5008,2018
139,2195,2018
147,2439,2018
156,1637,2018
163,3486,2018
178,5540,2018
110,3837,2018
112,6106,2018
41.02,8971,2018
158,6614,2018
164,4577,2018
169.02,4823,2018
171,4008,2018
7,3734,2018
18,3328,2018
21,2288,2018
257,3928,2018
211,2526,2018
261,3206,2018
272,4939,2018
275,5135,2018
280,4232,2018
294,3773,2018
388,3773,2018
25,4140,2018
33,6480,2018
40.02,5016,2018
42.01,5337,2018
9809,0,2018
9801,24,2018
9891,2107,2018
208,2250,2018
209,2755,2018
207,5677,2018
184,2359,2018
198,6561,2018
212,2512,2018
213,3928,2018
217,6084,2018
241,1434,2018
248,2295,2018
64,4230,2018
65,4635,2018
66,3133,2018
91,3075,2018
103,2504,2018
105,4552,2018
3,3444,2018
5,2471,2018
24,4928,2018
37.01,5896,2018
287,2813,2018
291,5048,2018
326,7394,2018
332,2837,2018
305.02,7059,2018
311.01,5457,2018
311.02,4469,2018
314.01,7121,2018
314.02,5962,2018
315.01,6774,2018
315.02,4461,2018
331.01,4854,2018
331.02,3801,2018
337.01,6987,2018
337.02,5002,2018
345.01,3593,2018
345.02,5336,2018
356.01,5843,2018
356.02,3650,2018
357.01,4944,2018
357.02,4165,2018
365.01,5262,2018
365.02,4245,2018
367,3341,2018
369,5841,2018
372,4427,2018
373,5838,2018
375,3949,2018
376,3109,2018
377,5410,2018
378,2468,2018
379,5029,2018
380,2357,2018
381,827,2018
382,2989,2018
383,3237,2018
384,2493,2018
385,1802,2018
386,1350,2018
387,2807,2018
317,5577,2018
318,4224,2018
323,3505,2018
334,5645,2018
339,3333,2018
361,4076,2018
335,4187,2018
341,5592,2018
351,4245,2018
353.01,5724,2018
360,3304,2018
199,4423,2018
204,2938,2018
237,5199,2018
20,1896,2018
39.01,6639,2018
50,0,2018
54,1646,2018
60,6670,2018
111,3426,2018
82,6033,2018
36,6924,2018
170,3030,2018
243,3752,2018
276,3685,2018
16,2410,2018
39.02,5822,2018
78,4156,2018
93,4556,2018
321,4538,2018
214,4090,2018
349,5792,2018
269,2288,2018
292,5199,2018
313,7767,2018
325,6373,2018
14,4171,2018
363.02,3624,2018
135,4146,2018
143,1844,2018
4.01,2591,2018
4.02,3880,2018
8.01,1429,2018
8.03,3096,2018
8.04,4632,2018
9.01,2030,2018
9.02,2893,2018
10.01,2540,2018
10.02,3494,2018
11.01,3436,2018
11.02,2471,2018
12.01,4080,2018
12.02,5152,2018
27.01,4422,2018
338,6076,2018
344,7693,2018
347.01,6884,2018
352,4497,2018
358,7056,2018
359,5745,2018
362.01,4712,2018
362.02,6062,2018
106,1667,2018
244,3331,2018
246,2938,2018
249,2674,2018
258,1758,2018
265,5237,2018
267,6632,2018
268,4442,2018
255,2822,2018
256,2619,2018
263.01,3733,2018
270,2774,2018
247,4273,2018
38,3943,2018
125,5406,2018
210,5394,2018
347.02,3768,2018
266,6677,2018
104,4078,2018
132,2539,2018
176.01,4971,2018
260,3083,2018
263.02,5167,2018
264,5510,2018
271,2798,2018
278,4582,2018
282,4961,2018
288,4531,2018
298,4662,2018
309,4376,2018
320,7076,2018
342,3505,2018
15,3180,2018
29,4059,2018
37.02,4102,2018
140,3426,2018
141,2797,2018
144,4055,2018
152,5215,2018
153,3642,2018
157,2769,2018
160,6941,2018
168,3239,2018
202,4523,2018
203,2961,2018
146,4391,2018
148,824,2018
149,3588,2018
113,3031,2018
114,6362,2018
117,2043,2018
131,1583,2018
138,1959,2018
162,2368,2018
179,6834,2018
183,4175,2018
190,7772,2018
206,1588,2018
215,4020,2018
216,2264,2018
220,1606,2018
2,2576,2018
6,1207,2018
22,2258,2018
23,2703,2018
41.01,5886,2018
42.02,5530,2018
55,6341,2018
69,3205,2018
77,1915,2018
301,5715,2018
137,5026,2018
115,4612,2018
120,1924,2018
121,3134,2018
166,1644,2018
173,2645,2018
175,7084,2018
176.02,4398,2018
101,7328,2018
107,3698,2018
133,3459,2018
197,7034,2018
200,1396,2018
108,4219,2018
145,1694,2018
319,5376,2018
330,7895,2018
340,2980,2018
346,2470,2018
348.01,4464,2018
61,2860,2018
84,5088,2018
90,6212,2018
102,3205,2018
109,2778,2018
142,4479,2018
161,5795,2018
169.01,2823,2018
174,2520,2018
259,4282,2018
290,8005,2018
253,4277,2018
27.02,4590,2018
28.01,4741,2018
28.02,5707,2018
30.01,4177,2018
30.02,2869,2018
71.01,2537,2018
71.02,4505,2018
81.01,3392,2018
81.02,5599,2018
86.01,3157,2018
86.02,2487,2018
87.01,4061,2018
87.02,2550,2018
88.01,2424,2018
88.02,6068,2018
98.01,2195,2018
122.01,3030,2018
122.03,409,2018
122.04,4067,2018
98.02,6012,2018
134.01,2398,2018
134.02,3050,2018
136.01,2661,2018
136.02,3894,2018
165,3164,2018
236,2395,2018
239,1444,2018
242,3429,2018
245,3684,2018
254,4803,2018
151.01,2174,2018
151.02,3865,2018
167.01,2919,2018
167.02,2460,2018
177.01,3438,2018
177.02,4980,2018
172.01,2590,2018
172.02,3596,2018
180.01,2627,2018
180.02,6017,2018
195.01,4438,2018
195.02,3940,2018
201.01,3829,2018
201.02,2931,2018
274.01,3294,2018
274.02,7113,2018
279.01,4155,2018
279.02,4095,2018
56,1095,2018
67,7001,2018
70,3307,2018
80,4159,2018
94,3982,2018
238,4347,2018
252,7137,2018
95,3153,2018
363.01,3799,2018
353.02,4583,2018
355,7876,2018
362.03,5091,2018
364,979,2018
205,2793,2018
218,5239,2018
219,1455,2018
262,3880,2018
273,6268,2018
284,4104,2018
286,6653,2018
1,4166,2018
13,6690,2018
307,4257,2018
312,5590,2018
231,1343,2018
235,1339,2018
19,3458,2018
31,4429,2018
32,4239,2018
40.01,4189,2018
62,4530,2018
72,4313,2018
74,4914,2018
92,3296,2018
100,4753,2018
300,6748,2018
188,8580,2018
191,8280,2018
192,8729,2018
17,3011,2018
289.01,4574,2018
289.02,7068,2018
305.01,5774,2018
260,3055,2019
263.02,4927,2019
264,5660,2019
101,6925,2019
107,3612,2019
133,3100,2019
338,6380,2019
344,8044,2019
347.01,6879,2019
352,4686,2019
358,6806,2019
359,5548,2019
362.01,5153,2019
362.02,6239,2019
106,1704,2019
244,3230,2019
246,2684,2019
249,2737,2019
258,1778,2019
265,5065,2019
267,6987,2019
268,4189,2019
319,5641,2019
330,8394,2019
340,3082,2019
346,2496,2019
348.01,4600,2019
61,2759,2019
84,5050,2019
90,6201,2019
102,3344,2019
109,2790,2019
142,5198,2019
238,4633,2019
252,7793,2019
262,3791,2019
273,6019,2019
284,3873,2019
286,6583,2019
1,4118,2019
13,6911,2019
307,4238,2019
312,5032,2019
231,1275,2019
235,1300,2019
19,4039,2019
279.01,4201,2019
279.02,4075,2019
315.01,6643,2019
315.02,4337,2019
331.01,5064,2019
331.02,4048,2019
337.01,6589,2019
337.02,4860,2019
345.01,4243,2019
345.02,5672,2019
356.01,5272,2019
356.02,3661,2019
357.01,4931,2019
357.02,4158,2019
365.01,5331,2019
365.02,4213,2019
367,3612,2019
369,5889,2019
372,4702,2019
373,5759,2019
375,3736,2019
376,3287,2019
377,5313,2019
378,2474,2019
379,5006,2019
380,2431,2019
381,845,2019
382,3067,2019
383,3352,2019
384,2484,2019
385,1830,2019
386,1395,2019
387,2816,2019
271,2806,2019
278,4564,2019
282,5184,2019
288,4619,2019
298,4830,2019
309,4553,2019
320,7382,2019
342,3354,2019
15,3227,2019
29,3945,2019
37.02,4221,2019
140,3888,2019
141,2659,2019
144,4470,2019
152,5347,2019
153,4086,2019
157,2587,2019
160,6996,2019
168,2965,2019
202,4804,2019
203,2842,2019
161,6203,2019
169.01,3092,2019
174,2392,2019
259,4409,2019
290,8124,2019
31,4426,2019
32,4180,2019
40.01,4165,2019
62,4994,2019
72,4466,2019
74,4720,2019
92,3345,2019
100,4863,2019
25,4243,2019
33,6203,2019
40.02,4757,2019
42.01,5326,2019
56,1158,2019
67,7082,2019
70,3529,2019
80,3807,2019
94,4252,2019
95,3261,2019
363.01,3969,2019
353.02,4516,2019
355,7948,2019
362.03,5111,2019
364,1037,2019
205,2578,2019
218,5141,2019
219,1434,2019
289.01,4056,2019
289.02,7043,2019
305.01,6079,2019
110,3549,2019
112,5939,2019
41.02,8671,2019
158,6969,2019
164,4633,2019
169.02,4412,2019
171,3565,2019
7,3736,2019
18,3138,2019
21,2221,2019
257,3874,2019
211,2481,2019
261,3192,2019
272,4647,2019
275,5133,2019
280,4111,2019
294,3874,2019
388,3636,2019
389,3251,2019
390,8641,2019
9800,416,2019
9802,554,2019
9803,0,2019
9804,0,2019
9805,0,2019
9806,0,2019
9807,0,2019
9808,0,2019
329,3701,2019
348.02,5485,2019
348.03,4309,2019
240,3659,2019
281,4498,2019
283,6738,2019
308,5570,2019
310,7694,2019
333,4147,2019
336,7288,2019
363.03,6592,2019
366,2604,2019
299,4324,2019
277,4960,2019
285,2480,2019
293,3170,2019
302,8912,2019
306,6988,2019
316,5998,2019
83.01,4628,2019
83.02,5133,2019
63,4512,2019
73,2959,2019
79,4463,2019
85,6803,2019
96,4477,2019
118,5618,2019
119,5161,2019
139,1757,2019
147,2686,2019
156,1596,2019
163,3005,2019
178,5862,2019
255,2764,2019
256,2795,2019
263.01,3488,2019
270,2635,2019
247,4293,2019
38,4015,2019
125,5375,2019
135,3987,2019
143,1935,2019
146,4305,2019
148,804,2019
149,3891,2019
113,3344,2019
114,6864,2019
117,1957,2019
131,1765,2019
138,1972,2019
162,2098,2019
179,6279,2019
183,4005,2019
190,7750,2019
206,1695,2019
210,5342,2019
347.02,3835,2019
266,6528,2019
104,3827,2019
132,2778,2019
176.01,4972,2019
9809,0,2019
9801,40,2019
9891,1811,2019
317,5175,2019
318,4056,2019
323,3619,2019
334,5619,2019
339,3133,2019
361,4049,2019
335,3975,2019
341,5729,2019
351,4187,2019
353.01,5550,2019
360,3472,2019
199,4498,2019
215,3879,2019
216,2372,2019
220,1534,2019
2,2860,2019
6,1222,2019
22,2263,2019
23,2918,2019
41.01,5637,2019
42.02,5651,2019
55,6321,2019
69,3479,2019
77,1872,2019
204,2744,2019
237,4463,2019
20,1828,2019
39.01,6186,2019
50,0,2019
54,1577,2019
60,6467,2019
111,3704,2019
82,5882,2019
36,7142,2019
170,2884,2019
243,3895,2019
276,4163,2019
16,2371,2019
39.02,5800,2019
78,4163,2019
93,4721,2019
321,4070,2019
214,3980,2019
349,5316,2019
269,2147,2019
292,4917,2019
313,7632,2019
325,6143,2019
14,4199,2019
363.02,3705,2019
4.01,2516,2019
4.02,4097,2019
8.01,1514,2019
8.03,2774,2019
8.04,4899,2019
9.01,2056,2019
9.02,2818,2019
10.01,2670,2019
10.02,3444,2019
197,7064,2019
200,1320,2019
108,4258,2019
145,1868,2019
165,3180,2019
236,2391,2019
239,1634,2019
242,3807,2019
245,3823,2019
254,4222,2019
11.01,3750,2019
11.02,2687,2019
12.01,4038,2019
12.02,5215,2019
27.01,4234,2019
301,5984,2019
137,5155,2019
115,4472,2019
120,1890,2019
121,3189,2019
166,2241,2019
173,2538,2019
175,6943,2019
176.02,4603,2019
253,4636,2019
300,7629,2019
188,8705,2019
191,8194,2019
192,8721,2019
17,3114,2019
208,2289,2019
209,3085,2019
207,5942,2019
184,2242,2019
198,6878,2019
212,2419,2019
27.02,4419,2019
28.01,4595,2019
28.02,5596,2019
30.01,3959,2019
30.02,2820,2019
71.01,2595,2019
71.02,4570,2019
81.01,3179,2019
81.02,5354,2019
86.01,3312,2019
86.02,2940,2019
87.01,3667,2019
87.02,2622,2019
88.01,2289,2019
88.02,6303,2019
98.01,2318,2019
122.01,2776,2019
122.03,633,2019
122.04,4265,2019
98.02,6190,2019
134.01,2504,2019
134.02,3088,2019
136.01,2832,2019
136.02,3827,2019
151.01,2279,2019
151.02,4242,2019
167.01,2809,2019
167.02,2704,2019
177.01,3203,2019
177.02,5188,2019
172.01,2835,2019
172.02,3842,2019
180.01,3253,2019
180.02,6038,2019
195.01,4432,2019
195.02,3732,2019
201.01,3552,2019
201.02,3415,2019
274.01,2975,2019
274.02,6825,2019
213,3485,2019
217,5727,2019
241,1445,2019
248,2232,2019
64,4430,2019
65,4426,2019
66,3471,2019
91,2958,2019
103,2816,2019
105,4544,2019
3,3385,2019
5,2543,2019
24,4647,2019
37.01,5859,2019
287,2577,2019
291,5158,2019
326,7611,2019
332,2960,2019
305.02,7254,2019
311.01,5274,2019
311.02,4346,2019
314.01,7061,2019
314.02,5921,2019
27.01,4098,2020
27.02,4300,2020
28.01,4452,2020
28.02,5772,2020
29,3762,2020
30.01,3722,2020
30.02,2961,2020
31,4575,2020
32,4100,2020
33,6417,2020
36,7109,2020
37.01,5617,2020
37.02,3922,2020
38,3912,2020
39.01,6429,2020
39.02,5682,2020
40.01,4037,2020
40.02,5247,2020
41.01,4952,2020
41.03,5244,2020
41.04,4212,2020
42.01,5374,2020
42.02,5763,2020
54,1552,2020
55,6172,2020
56,1239,2020
60,6370,2020
61,2776,2020
62,4672,2020
63,4599,2020
64,4801,2020
65,3867,2020
66,3370,2020
67,7215,2020
70,3598,2020
71.01,2710,2020
71.02,4476,2020
72,4578,2020
73,3146,2020
74,4506,2020
77,1946,2020
78,4066,2020
79,4044,2020
80,3900,2020
81.01,3258,2020
81.02,4786,2020
82,6202,2020
83.01,4751,2020
83.02,4586,2020
84,4864,2020
85,6272,2020
86.01,3355,2020
86.02,3126,2020
87.01,3318,2020
87.02,2601,2020
88.01,2073,2020
88.02,5956,2020
90,6405,2020
91,2722,2020
92,3640,2020
93,4890,2020
94,3926,2020
95,2996,2020
96,4118,2020
98.01,2372,2020
98.02,5660,2020
100,4972,2020
101,6332,2020
102,3404,2020
103,2698,2020
104,3905,2020
105,4445,2020
106,1668,2020
107,3821,2020
108,4178,2020
109,2749,2020
110,3346,2020
111,3791,2020
112,5949,2020
113,3387,2020
114,6907,2020
115,4358,2020
117,1956,2020
118,5565,2020
119,5213,2020
120,2132,2020
122.01,2765,2020
122.03,791,2020
122.04,3873,2020
125.01,2182,2020
125.02,3467,2020
131,1752,2020
132,2643,2020
133,3130,2020
134.01,2790,2020
134.02,2887,2020
135,4019,2020
136.01,2864,2020
136.02,4031,2020
137.01,1498,2020
137.02,3507,2020
138,1645,2020
139,1797,2020
140,3869,2020
141,2674,2020
142.01,3735,2020
142.02,2399,2020
143,2021,2020
144,4648,2020
145,1962,2020
146,4208,2020
147,2537,2020
148,722,2020
149,4091,2020
151.01,1929,2020
151.02,4884,2020
152,5738,2020
153,3913,2020
156,1561,2020
157,2556,2020
158,7308,2020
160.01,2330,2020
160.02,4547,2020
121,3257,2020
161,6255,2020
162,2315,2020
163,3204,2020
164,4410,2020
165,3121,2020
166,1998,2020
167.01,3319,2020
167.02,2378,2020
168,2871,2020
169.01,3540,2020
169.02,2847,2020
170,3217,2020
171,3240,2020
172.01,2576,2020
172.02,3681,2020
173,2547,2020
174,2570,2020
175,6928,2020
176.01,4584,2020
176.02,4220,2020
177.01,3515,2020
177.02,4705,2020
178,6408,2020
179,6111,2020
180.01,2358,2020
180.02,6276,2020
183,4092,2020
184,2377,2020
188.01,3972,2020
188.02,4884,2020
190,7913,2020
191,8167,2020
192,8652,2020
195.01,4617,2020
195.02,3955,2020
197,6778,2020
198,6631,2020
199,4811,2020
200,1420,2020
201.01,3196,2020
201.02,3508,2020
202,4529,2020
203,3207,2020
204,3127,2020
205,2210,2020
206,1770,2020
207.01,4130,2020
207.02,1781,2020
208,2432,2020
209,3058,2020
210,5401,2020
211,2419,2020
212,2683,2020
213,3319,2020
214,3779,2020
215,3903,2020
216,2394,2020
217,5943,2020
218,5032,2020
219,1445,2020
220,1474,2020
231,1286,2020
235,1358,2020
236,2344,2020
237,4669,2020
238,4744,2020
239,1594,2020
240,3667,2020
241,1415,2020
242,4077,2020
243,4020,2020
244,3453,2020
245,4344,2020
246,2722,2020
247,3798,2020
248,2360,2020
249,2529,2020
252,8502,2020
253,4968,2020
254,4410,2020
255,2775,2020
256,2817,2020
257,3997,2020
258,1789,2020
259,4400,2020
260,3206,2020
261,3263,2020
262,3792,2020
263.01,3772,2020
263.02,4629,2020
264,5728,2020
265,5217,2020
266,6645,2020
267,7298,2020
268,4408,2020
269,2268,2020
270,2668,2020
271,2786,2020
272,4746,2020
273,5598,2020
274.01,2798,2020
274.02,7739,2020
275,4801,2020
276,4347,2020
277,4935,2020
278,4473,2020
279.01,3806,2020
279.02,4557,2020
280,4132,2020
281,4738,2020
282,4484,2020
283,7386,2020
284,3598,2020
285,2877,2020
286,6515,2020
287,2784,2020
288,5001,2020
289.01,4578,2020
289.02,6906,2020
290,8010,2020
291,4824,2020
292,4881,2020
293,3048,2020
294,3811,2020
298,5303,2020
299,4531,2020
300,7376,2020
301,6225,2020
302,8835,2020
305.01,5348,2020
305.02,7702,2020
306,6851,2020
307,4421,2020
308,5727,2020
309,4753,2020
310,7529,2020
311.01,4967,2020
311.02,4709,2020
312,5146,2020
313,7692,2020
314.01,7691,2020
314.02,6158,2020
315.01,7134,2020
315.02,3758,2020
316,6553,2020
317,5200,2020
318,4305,2020
319,5562,2020
320,7941,2020
321,3686,2020
323,3809,2020
325,5943,2020
326,7862,2020
329,3695,2020
330,9169,2020
331.01,5476,2020
331.02,3849,2020
332,2951,2020
333,3985,2020
334,5551,2020
335,3801,2020
336,7028,2020
337.01,7661,2020
337.02,4359,2020
338,6858,2020
339,2893,2020
340,3055,2020
341,5310,2020
342,3648,2020
344,8083,2020
345.01,4852,2020
345.02,5427,2020
346,2617,2020
347.01,7314,2020
347.02,3493,2020
348.01,4739,2020
348.02,5765,2020
348.03,3854,2020
349,4959,2020
351,4040,2020
352,4733,2020
353.01,5487,2020
353.02,4569,2020
355,7717,2020
356.01,5221,2020
356.02,3602,2020
357.01,4758,2020
357.02,4330,2020
358,6652,2020
359,5352,2020
360,3512,2020
361,3978,2020
362.01,5195,2020
362.02,6171,2020
362.03,4827,2020
363.01,4351,2020
363.02,3607,2020
363.03,6609,2020
364,999,2020
365.01,4799,2020
365.02,4341,2020
366,2132,2020
367,3121,2020
369.01,0,2020
369.02,6034,2020
372,4241,2020
373,5632,2020
375,3727,2020
376,3293,2020
377,5100,2020
378,2352,2020
379,4696,2020
380,2649,2020
381,961,2020
382,3039,2020
383.01,2745,2020
384,2393,2020
385,1793,2020
386,1410,2020
387,2742,2020
388,3864,2020
389,3634,2020
390.01,3915,2020
390.02,4745,2020
391,3580,2020
9800.01,0,2020
9800.02,50,2020
9800.03,0,2020
9801,45,2020
9802,396,2020
9803,0,2020
9804,0,2020
9805,0,2020
9806,0,2020
9807.01,0,2020
9807.02,0,2020
9808,0,2020
9809.01,0,2020
9809.02,0,2020
9809.03,0,2020
9809.04,0,2020
9809.05,0,2020
9809.06,0,2020
9891,1631,2020
9892,0,2020
9893,123,2020
1.01,1879,2020
1.02,2988,2020
2,3175,2020
3,3586,2020
4.01,2577,2020
4.03,775,2020
4.04,3383,2020
5,2826,2020
6,1312,2020
7.01,1665,2020
7.02,2114,2020
8.01,1631,2020
8.03,2921,2020
8.05,2642,2020
8.06,2149,2020
9.01,1976,2020
9.02,2764,2020
10.01,2816,2020
10.02,3158,2020
11.01,4072,2020
11.02,2532,2020
12.01,4085,2020
12.03,1827,2020
12.04,3156,2020
13.01,1672,2020
13.02,5213,2020
14,4100,2020
15,3260,2020
16,2481,2020
17,3039,2020
18,3081,2020
19,3995,2020
20,1882,2020
21,2321,2020
22,2669,2020
23,2977,2020
24,4892,2020
25,4199,2020
11,5445,2009
12,8515,2009
13,4916,2009
14,3739,2009
15,2553,2009
16,2095,2009
17,2870,2009
18,3208,2009
19,2643,2009
20,1656,2009
21,1855,2009
22,2032,2009
23,2741,2009
24,4625,2009
25,3753,2009
26,0,2009
27,7552,2009
28,9751,2009
29,3873,2009
30,7111,2009
31,4660,2009
32,5381,2009
33,5804,2009
34,339,2009
35,73,2009
36,6704,2009
37.01,7602,2009
37.02,3103,2009
38,4220,2009
39.01,6972,2009
39.02,5727,2009
40.01,4435,2009
40.02,5001,2009
41.01,5707,2009
41.02,6984,2009
42.01,6123,2009
42.02,5064,2009
43,0,2009
44,1129,2009
45,3374,2009
46,6,2009
47,3402,2009
48,398,2009
49,0,2009
50,0,2009
51,1009,2009
52,0,2009
54,1386,2009
55,6016,2009
56,1089,2009
57,0,2009
58,0,2009
59,0,2009
60,6428,2009
61,2985,2009
62,4367,2009
63,4711,2009
64,5425,2009
65,5035,2009
66,4211,2009
67,7349,2009
68,4,2009
69,3197,2009
70,4558,2009
71,8056,2009
72,4941,2009
73,3206,2009
74,4325,2009
75,0,2009
76,2513,2009
77,2511,2009
78,4552,2009
79,4057,2009
80,3227,2009
81,6859,2009
82,8510,2009
83.01,3746,2009
83.02,4506,2009
84,4243,2009
85,6259,2009
86,5089,2009
87,7067,2009
88,6826,2009
89,3953,2009
90,3038,2009
91,2435,2009
92,3643,2009
93,4507,2009
94,3118,2009
95,3368,2009
96,4161,2009
97,25,2009
98,8093,2009
99,323,2009
100,4706,2009
101,6770,2009
102,2679,2009
103,2420,2009
104,3185,2009
105,3316,2009
106,1095,2009
107,3794,2009
108,3626,2009
109,2370,2009
110,3604,2009
111,4147,2009
112,6938,2009
113,2905,2009
114,7026,2009
115,4952,2009
116,4243,2009
117,2804,2009
118,6672,2009
119,5777,2009
120,1821,2009
121,3259,2009
122,8121,2009
123,0,2009
124,582,2009
125,3476,2009
126,1796,2009
127,582,2009
128,289,2009
129,667,2009
130,1269,2009
131,1455,2009
132,2419,2009
133,2647,2009
134,5023,2009
135,3354,2009
136,5887,2009
137,5019,2009
138,1618,2009
139,3784,2009
140,2532,2009
141,2318,2009
142,2860,2009
143,1235,2009
144,2618,2009
145,1583,2009
146,2642,2009
1,3315,2009
2,1633,2009
3,4497,2009
4,4403,2009
5,1320,2009
6,1622,2009
7,2502,2009
8,7696,2009
9,4443,2009
10,6195,2009
147,2793,2009
148,553,2009
149,3607,2009
150,201,2009
151,6922,2009
152,6250,2009
153,3096,2009
154,2908,2009
155,2614,2009
156,1371,2009
157,3025,2009
158,5814,2009
159,1741,2009
160,7194,2009
161,5530,2009
162,2694,2009
163,2419,2009
164,4106,2009
165,2760,2009
166,922,2009
167,5909,2009
168,4215,2009
169.01,3276,2009
169.02,5945,2009
170,2953,2009
171,4718,2009
172,6735,2009
173,2721,2009
174,2421,2009
175,7024,2009
176.01,5281,2009
176.02,4447,2009
177,8851,2009
178,6563,2009
179,5811,2009
180,9005,2009
181,153,2009
182,507,2009
183,4712,2009
184,2115,2009
185,148,2009
186,4938,2009
187,1859,2009
188,8168,2009
189,1066,2009
190,8395,2009
191,7949,2009
192,9396,2009
193,8,2009
194,264,2009
195,8210,2009
196,2856,2009
197,7697,2009
198,5639,2009
199,4944,2009
200,1237,2009
201,6235,2009
202,4666,2009
203,2916,2009
204,3041,2009
205,2470,2009
206,2272,2009
207,6571,2009
208,1704,2009
209,2933,2009
210,4165,2009
211,2560,2009
212,2176,2009
213,2955,2009
214,3121,2009
215,3135,2009
216,1591,2009
217,5849,2009
218,4107,2009
219,1220,2009
220,1569,2009
221,1330,2009
222,1657,2009
223,137,2009
224,680,2009
225,806,2009
226,380,2009
227,1230,2009
228,1404,2009
229,211,2009
230,534,2009
231,1239,2009
232,660,2009
233,2939,2009
234,527,2009
235,981,2009
236,2957,2009
237,4593,2009
238,4892,2009
239,1662,2009
240,3887,2009
241,636,2009
242,3531,2009
243,4603,2009
244,3497,2009
245,3342,2009
246,2526,2009
247,4331,2009
248,2147,2009
249,3401,2009
250,874,2009
251,1814,2009
252,7753,2009
253,3500,2009
254,3471,2009
255,2425,2009
256,2458,2009
257,3307,2009
258,1550,2009
259,4046,2009
260,2871,2009
261,3068,2009
262,3987,2009
263.01,3628,2009
263.02,4496,2009
264,5421,2009
265,4434,2009
266,5881,2009
267,6998,2009
268,4386,2009
269,2203,2009
270,3084,2009
271,2511,2009
272,4534,2009
273,5791,2009
274,10441,2009
275,4227,2009
276,3758,2009
277,4082,2009
278,4641,2009
279,7659,2009
280,4861,2009
281,3875,2009
282,4865,2009
283,6719,2009
284,3876,2009
285,2493,2009
286,6260,2009
287,2414,2009
288,4285,2009
289,10190,2009
290,6111,2009
291,4310,2009
292,4062,2009
293,3096,2009
294,4054,2009
295,856,2009
296,1684,2009
297,313,2009
298,4580,2009
299,4793,2009
300,6569,2009
301,5090,2009
302,8281,2009
303,8116,2009
304,288,2009
305,10943,2009
306,6981,2009
307,3670,2009
308,5236,2009
309,3942,2009
310,6390,2009
311,9593,2009
312,4510,2009
313,8491,2009
314,12772,2009
315,10789,2009
316,6711,2009
317,6503,2009
318,3667,2009
319,5013,2009
320,7149,2009
321,3954,2009
322,257,2009
323,3290,2009
324,0,2009
325,5719,2009
326,7719,2009
327,203,2009
328,6145,2009
329,4272,2009
330,8075,2009
331,10821,2009
332,2861,2009
333,4818,2009
334,4834,2009
335,4019,2009
336,6648,2009
337,11315,2009
338,6042,2009
339,3094,2009
340,2849,2009
341,7059,2009
342,3279,2009
343,244,2009
344,8716,2009
345,8437,2009
346,2029,2009
347.01,6901,2009
347.02,4825,2009
348.01,4171,2009
348.02,6084,2009
348.03,5033,2009
349,6780,2009
351,3676,2009
352,4765,2009
353.01,5742,2009
353.02,5031,2009
354,0,2009
355,7923,2009
356,9963,2009
357,9619,2009
358,6441,2009
359,5255,2009
360,3810,2009
361,4478,2009
362.01,5184,2009
362.02,6721,2009
362.03,5026,2009
363.01,4202,2009
363.02,3859,2009
363.03,6988,2009
364,616,2009
365,10167,2009
366,1242,2009
71.02,5074,2010
72,5424,2010
73,3060,2010
74,4490,2010
77,2627,2010
78,3963,2010
79,4485,2010
80,3600,2010
81.01,2308,2010
81.02,5083,2010
82,8582,2010
83.01,4089,2010
83.02,4176,2010
84,4754,2010
85,6127,2010
86.01,2857,2010
86.02,2787,2010
87.01,4561,2010
87.02,3429,2010
88.01,1211,2010
88.02,5861,2010
90,4176,2010
91,2246,2010
92,2701,2010
93,4242,2010
94,3749,2010
95,3510,2010
96,4367,2010
98.01,2139,2010
98.02,5562,2010
100,5348,2010
101,5571,2010
102,2710,2010
103,2428,2010
104,2917,2010
105,3349,2010
106,1196,2010
107,3783,2010
108,3533,2010
109,2482,2010
110,3349,2010
111,3631,2010
112,6203,2010
113,3093,2010
114,7214,2010
115,4560,2010
117,2788,2010
118,6720,2010
119,6413,2010
120,1737,2010
121,2984,2010
122.01,3069,2010
122.03,1230,2010
122.04,4113,2010
125,3711,2010
131,1557,2010
132,2618,2010
133,2533,2010
134.01,2220,2010
134.02,2849,2010
135,3194,2010
136.01,2332,2010
136.02,3503,2010
137,4833,2010
138,1831,2010
139,3474,2010
140,2842,2010
141,2279,2010
142,2972,2010
143,1258,2010
144,2587,2010
145,1739,2010
146,2748,2010
147,3269,2010
148,500,2010
149,3324,2010
151.01,2705,2010
151.02,4606,2010
152,6572,2010
153,3703,2010
156,1657,2010
157,3118,2010
158,5274,2010
160,6913,2010
161,4911,2010
162,1880,2010
163,3131,2010
164,4226,2010
165,2437,2010
166,927,2010
167.01,2582,2010
167.02,2893,2010
168,4397,2010
169.01,3421,2010
169.02,5337,2010
170,2842,2010
171,4820,2010
172.01,3168,2010
172.02,3741,2010
173,3087,2010
174,1901,2010
175,6950,2010
176.01,5321,2010
176.02,4513,2010
177.01,3526,2010
177.02,5633,2010
178,6692,2010
179,5417,2010
180.01,2372,2010
180.02,5461,2010
183,4321,2010
184,2060,2010
188,8238,2010
190,9022,2010
191,7444,2010
192,8535,2010
195.01,4433,2010
195.02,3614,2010
197,7450,2010
198,5534,2010
199,4668,2010
200,1101,2010
201.01,3798,2010
201.02,2982,2010
202,5135,2010
203,3039,2010
204,3062,2010
205,2906,2010
206,2280,2010
207,6087,2010
208,1894,2010
209,2933,2010
210,4334,2010
211,2378,2010
212,2114,2010
213,2813,2010
214,2916,2010
215,3234,2010
216,1227,2010
217,5663,2010
218,3948,2010
219,1400,2010
220,1436,2010
231,1090,2010
235,1022,2010
236,3039,2010
237,4325,2010
238,4830,2010
239,1678,2010
240,3556,2010
241,693,2010
242,3957,2010
243,4388,2010
244,3627,2010
245,3552,2010
246,2601,2010
247,4124,2010
248,2172,2010
249,3393,2010
252,7670,2010
253,3333,2010
254,3797,2010
255,2367,2010
256,2484,2010
257,3144,2010
258,1543,2010
259,4100,2010
260,2797,2010
261,2894,2010
262,4234,2010
263.01,4064,2010
263.02,4905,2010
264,5182,2010
265,4172,2010
266,6401,2010
267,7007,2010
268,4115,2010
269,2009,2010
270,2633,2010
271,2446,2010
272,4752,2010
273,6470,2010
274.01,3071,2010
274.02,7617,2010
275,4558,2010
276,3904,2010
277,3882,2010
278,4357,2010
279.01,3747,2010
279.02,4992,2010
280,4765,2010
281,3618,2010
282,5073,2010
283,6562,2010
284,4178,2010
285,2689,2010
286,7213,2010
287,2633,2010
288,4469,2010
289.01,3988,2010
289.02,6745,2010
290,5948,2010
291,4058,2010
292,3584,2010
293,2740,2010
294,3465,2010
298,4515,2010
299,4715,2010
300,7141,2010
301,5363,2010
302,8372,2010
305.01,4447,2010
305.02,6951,2010
306,6475,2010
307,3375,2010
308,4943,2010
309,3761,2010
310,6639,2010
311.01,4500,2010
311.02,4594,2010
312,4729,2010
313,8177,2010
314.01,6694,2010
314.02,5413,2010
315.01,6074,2010
315.02,4082,2010
316,6064,2010
317,5994,2010
318,3766,2010
319,4985,2010
320,7251,2010
321,4237,2010
323,3060,2010
325,5089,2010
326,7103,2010
329,4030,2010
330,7666,2010
331.01,4679,2010
331.02,4681,2010
332,2899,2010
333,4035,2010
334,4336,2010
335,3558,2010
336,6792,2010
337.01,5163,2010
337.02,5582,2010
338,5806,2010
339,2831,2010
340,2918,2010
341,6060,2010
342,3158,2010
344,8218,2010
345.01,3211,2010
345.02,5111,2010
346,2117,2010
347.01,6462,2010
347.02,4438,2010
348.01,4139,2010
348.02,5600,2010
348.03,4702,2010
349,6207,2010
351,3514,2010
352,4525,2010
353.01,5735,2010
353.02,4805,2010
355,7495,2010
356.01,5233,2010
356.02,3971,2010
357.01,4730,2010
357.02,3729,2010
358,6155,2010
359,5263,2010
360,3288,2010
361,4306,2010
1,3042,2010
2,1919,2010
3,4333,2010
4.01,1525,2010
4.02,3156,2010
5,1606,2010
6,1541,2010
7,2538,2010
8.01,1510,2010
8.03,3701,2010
8.04,2891,2010
9.01,1805,2010
9.02,2227,2010
10.01,2256,2010
10.02,3476,2010
11.01,3211,2010
11.02,2309,2010
12.01,3305,2010
12.02,4713,2010
13,4822,2010
14,3728,2010
15,2600,2010
16,2048,2010
17,2830,2010
18,2918,2010
19,2684,2010
20,1870,2010
21,1855,2010
22,1830,2010
23,2631,2010
24,4549,2010
25,3618,2010
27.01,3523,2010
27.02,3339,2010
28.01,4305,2010
28.02,5048,2010
29,3788,2010
30.01,4320,2010
30.02,3132,2010
31,3965,2010
32,4857,2010
33,6420,2010
36,6996,2010
37.01,7141,2010
37.02,3116,2010
38,3866,2010
39.01,6746,2010
39.02,5437,2010
40.01,4168,2010
40.02,4617,2010
41.01,5389,2010
41.02,7231,2010
42.01,5639,2010
42.02,4941,2010
50,0,2010
54,1535,2010
55,6427,2010
56,1183,2010
60,6024,2010
61,3438,2010
62,4668,2010
63,4133,2010
64,5174,2010
65,5249,2010
66,4286,2010
67,7138,2010
69,2881,2010
70,4908,2010
71.01,2838,2010
362.01,4752,2010
362.02,6284,2010
362.03,4470,2010
363.01,3874,2010
363.02,3307,2010
363.03,6617,2010
364,407,2010
365.01,5602,2010
365.02,3806,2010
366,1327,2010
367,2244,2010
369,5724,2010
372,4140,2010
373,4680,2010
375,4379,2010
376,2025,2010
377,5607,2010
378,2086,2010
379,4493,2010
380,2415,2010
381,521,2010
382,2725,2010
383,3131,2010
384,2429,2010
385,1772,2010
386,1354,2010
387,2297,2010
388,3528,2010
389,3097,2010
390,8240,2010
9800,677,2010
9801,67,2010
9802,384,2010
9803,0,2010
9804,0,2010
9805,0,2010
9806,92,2010
9807,0,2010
9808,0,2010
9809,0,2010
9891,7438,2010
135,3553,2011
143,1420,2011
146,2751,2011
148,578,2011
149,2660,2011
113,3275,2011
114,7386,2011
117,2430,2011
131,1446,2011
138,1840,2011
162,1877,2011
179,5456,2011
183,4297,2011
190,7876,2011
206,1985,2011
215,3431,2011
216,1655,2011
220,1596,2011
2,1897,2011
6,1641,2011
22,1977,2011
23,2460,2011
41.01,5335,2011
42.02,4742,2011
55,6663,2011
69,2679,2011
77,2209,2011
4.01,2034,2011
4.02,3198,2011
8.01,1515,2011
8.03,3764,2011
8.04,3054,2011
9.01,1848,2011
9.02,2033,2011
10.01,2295,2011
10.02,3281,2011
11.01,3095,2011
11.02,2448,2011
12.01,3684,2011
12.02,4867,2011
27.01,3821,2011
255,2537,2011
256,2626,2011
263.01,3996,2011
270,2409,2011
247,4556,2011
38,3862,2011
125,4154,2011
210,4457,2011
347.02,4357,2011
266,6419,2011
104,3001,2011
132,2722,2011
176.01,5434,2011
317,6371,2011
318,3774,2011
323,3058,2011
334,4659,2011
339,2983,2011
361,4278,2011
335,3714,2011
341,6231,2011
351,3572,2011
353.01,5745,2011
360,2890,2011
199,4756,2011
204,2821,2011
237,4861,2011
20,1950,2011
39.01,6690,2011
50,0,2011
54,1318,2011
60,6553,2011
111,3540,2011
82,8267,2011
36,6922,2011
170,2766,2011
243,4870,2011
276,4082,2011
16,2142,2011
39.02,5561,2011
78,4024,2011
93,3868,2011
321,4323,2011
214,3118,2011
349,6408,2011
269,2097,2011
292,3815,2011
313,7308,2011
208,2291,2011
209,3029,2011
207,6031,2011
184,2052,2011
198,5681,2011
212,2326,2011
213,3083,2011
217,6099,2011
241,959,2011
248,2167,2011
64,4674,2011
65,4826,2011
66,4243,2011
91,2430,2011
103,2436,2011
105,3677,2011
3,3365,2011
5,2113,2011
24,3995,2011
37.01,6785,2011
287,2402,2011
301,5366,2011
137,4462,2011
115,4305,2011
120,1811,2011
121,2927,2011
25,3640,2011
33,6131,2011
40.02,4638,2011
42.01,5837,2011
325,5579,2011
14,4186,2011
363.02,3493,2011
291,3965,2011
326,6481,2011
332,2705,2011
166,1433,2011
173,3472,2011
175,7057,2011
176.02,3874,2011
253,3649,2011
27.02,3487,2011
28.01,4196,2011
28.02,4776,2011
30.01,4009,2011
30.02,2969,2011
71.01,2570,2011
71.02,4616,2011
81.01,2512,2011
81.02,5480,2011
86.01,2932,2011
86.02,3374,2011
87.01,5029,2011
87.02,4095,2011
88.01,1446,2011
88.02,6632,2011
98.01,2122,2011
122.01,2924,2011
122.03,1326,2011
122.04,3667,2011
98.02,5753,2011
134.01,2254,2011
134.02,2966,2011
136.01,2250,2011
136.02,3790,2011
151.01,2398,2011
151.02,4858,2011
167.01,2372,2011
167.02,3315,2011
177.01,3666,2011
177.02,6413,2011
172.01,3456,2011
172.02,3762,2011
180.01,2181,2011
180.02,5139,2011
195.01,4189,2011
195.02,3596,2011
201.01,4050,2011
201.02,2986,2011
274.01,2960,2011
274.02,7063,2011
279.01,4758,2011
279.02,4238,2011
197,7812,2011
200,1271,2011
108,3543,2011
145,1719,2011
165,2099,2011
236,2898,2011
239,1628,2011
242,4073,2011
245,3526,2011
254,4177,2011
238,4447,2011
252,7287,2011
262,4333,2011
273,6890,2011
284,4594,2011
286,6707,2011
1,3027,2011
13,5029,2011
307,3886,2011
312,4416,2011
231,1177,2011
235,1119,2011
19,2494,2011
31,4024,2011
32,4982,2011
40.01,4051,2011
62,4472,2011
72,4590,2011
74,4453,2011
92,3544,2011
100,5067,2011
305.02,6554,2011
311.01,4714,2011
311.02,4476,2011
314.01,6570,2011
314.02,5414,2011
315.01,6128,2011
315.02,3933,2011
331.01,4843,2011
331.02,4141,2011
337.01,4607,2011
337.02,5286,2011
345.01,3542,2011
345.02,5273,2011
356.01,5721,2011
356.02,3570,2011
357.01,5116,2011
357.02,3627,2011
365.01,5887,2011
365.02,3961,2011
367,2425,2011
369,6019,2011
372,4206,2011
373,4695,2011
375,4127,2011
376,1944,2011
377,5351,2011
378,1768,2011
379,4354,2011
380,2298,2011
381,796,2011
382,2696,2011
383,3413,2011
384,2410,2011
385,1869,2011
386,1408,2011
387,2243,2011
289.01,3747,2011
289.02,6821,2011
305.01,4867,2011
101,5021,2011
107,3815,2011
133,2761,2011
338,6195,2011
344,7799,2011
347.01,6471,2011
352,4701,2011
358,6331,2011
359,5148,2011
362.01,5007,2011
362.02,6535,2011
106,1299,2011
244,3543,2011
246,3124,2011
110,3410,2011
112,5689,2011
41.02,7978,2011
158,5473,2011
164,4669,2011
169.02,5248,2011
171,4058,2011
7,2589,2011
18,2887,2011
21,1779,2011
257,3319,2011
211,2285,2011
260,2752,2011
263.02,4834,2011
264,5445,2011
271,2633,2011
278,5163,2011
282,4995,2011
288,4822,2011
298,4615,2011
309,4412,2011
320,6994,2011
342,3280,2011
15,2695,2011
29,3855,2011
37.02,3337,2011
140,2791,2011
141,1806,2011
144,2661,2011
152,6444,2011
153,3905,2011
157,3191,2011
160,6682,2011
168,4034,2011
202,4965,2011
203,2877,2011
249,3406,2011
258,1695,2011
265,4562,2011
267,6893,2011
268,5023,2011
319,4761,2011
330,7991,2011
340,3177,2011
346,2237,2011
348.01,4123,2011
61,3519,2011
84,4972,2011
90,4771,2011
102,2734,2011
109,2060,2011
142,3182,2011
161,5107,2011
169.01,3664,2011
174,2194,2011
259,4526,2011
290,6198,2011
261,3003,2011
272,4773,2011
275,4522,2011
280,4843,2011
294,3488,2011
388,3536,2011
389,2996,2011
390,7703,2011
9800,884,2011
9802,173,2011
9803,0,2011
9804,0,2011
9805,0,2011
9806,0,2011
9807,0,2011
9808,0,2011
329,4186,2011
348.02,5725,2011
348.03,4793,2011
240,3827,2011
281,3552,2011
283,6390,2011
308,4995,2011
310,7278,2011
333,4140,2011
336,7086,2011
363.03,6503,2011
366,1333,2011
56,1134,2011
67,6814,2011
70,4890,2011
80,3447,2011
94,3850,2011
95,3339,2011
363.01,3919,2011
353.02,4674,2011
355,7512,2011
362.03,4608,2011
364,278,2011
205,3120,2011
218,4352,2011
219,1272,2011
299,4398,2011
277,4274,2011
285,2464,2011
293,2548,2011
302,7261,2011
306,6887,2011
316,5873,2011
83.01,4109,2011
83.02,3952,2011
63,3982,2011
73,3341,2011
79,4779,2011
85,6591,2011
96,4813,2011
118,6532,2011
119,5417,2011
139,3333,2011
147,3490,2011
156,1784,2011
163,3084,2011
178,6579,2011
9809,0,2011
9801,24,2011
9891,5390,2011
300,7704,2011
188,8165,2011
191,7540,2011
192,9012,2011
17,2753,2011
260,2827,2012
263.02,5380,2012
264,5350,2012
271,3101,2012
278,4726,2012
282,5399,2012
288,4783,2012
298,4804,2012
309,4656,2012
320,7501,2012
342,3363,2012
15,2741,2012
29,4081,2012
37.02,3248,2012
140,2460,2012
141,1947,2012
144,3151,2012
152,6284,2012
153,4200,2012
157,2800,2012
338,6318,2012
344,7657,2012
347.01,6546,2012
352,4677,2012
358,6061,2012
359,5159,2012
362.01,4975,2012
362.02,6415,2012
106,1411,2012
244,3104,2012
246,2829,2012
249,3860,2012
258,1594,2012
265,4745,2012
267,6470,2012
268,5140,2012
319,4670,2012
330,8327,2012
340,3111,2012
346,2539,2012
348.01,4172,2012
61,3609,2012
84,5157,2012
90,5022,2012
102,2942,2012
109,2135,2012
142,3243,2012
161,5037,2012
169.01,3789,2012
174,2105,2012
259,4439,2012
290,6439,2012
27.02,3337,2012
28.01,3937,2012
28.02,4760,2012
30.01,4153,2012
30.02,3224,2012
71.01,2953,2012
71.02,4834,2012
81.01,2296,2012
81.02,5124,2012
86.01,2930,2012
160,7125,2012
168,4284,2012
202,5132,2012
203,2830,2012
86.02,3171,2012
87.01,5524,2012
87.02,3792,2012
88.01,1357,2012
88.02,7397,2012
98.01,2232,2012
122.01,2888,2012
122.03,1275,2012
122.04,3258,2012
98.02,5880,2012
134.01,2346,2012
134.02,3010,2012
136.01,2676,2012
136.02,3661,2012
151.01,2323,2012
151.02,4375,2012
167.01,2778,2012
167.02,3046,2012
177.01,3288,2012
177.02,6310,2012
172.01,3549,2012
172.02,3469,2012
180.01,2161,2012
180.02,4888,2012
195.01,4305,2012
195.02,3711,2012
201.01,3953,2012
201.02,3476,2012
274.01,3173,2012
274.02,7546,2012
279.01,4892,2012
279.02,4574,2012
208,2303,2012
209,2949,2012
207,5672,2012
184,2214,2012
198,5867,2012
212,2141,2012
213,3197,2012
217,6106,2012
241,1101,2012
248,2177,2012
64,4340,2012
65,4735,2012
66,3783,2012
91,2283,2012
103,2503,2012
105,3624,2012
3,3509,2012
5,2194,2012
24,4197,2012
37.01,6683,2012
287,2475,2012
291,3905,2012
326,6741,2012
332,2728,2012
305.02,6174,2012
311.01,4788,2012
311.02,4265,2012
314.01,6783,2012
314.02,5796,2012
315.01,5872,2012
315.02,3700,2012
331.01,5158,2012
331.02,3978,2012
337.01,4841,2012
337.02,5335,2012
345.01,3797,2012
345.02,4954,2012
301,5490,2012
137,4380,2012
115,4482,2012
120,1835,2012
121,3017,2012
166,1459,2012
173,3469,2012
175,6763,2012
176.02,3729,2012
253,4086,2012
300,7758,2012
188,8285,2012
191,7574,2012
192,9285,2012
17,2949,2012
329,4209,2012
348.02,5109,2012
356.01,5092,2012
356.02,3570,2012
357.01,4578,2012
357.02,3941,2012
365.01,5758,2012
365.02,4132,2012
367,2304,2012
369,5666,2012
372,4271,2012
373,4794,2012
375,4215,2012
376,2306,2012
377,5158,2012
378,1937,2012
379,4549,2012
380,2331,2012
381,825,2012
382,2627,2012
383,3533,2012
384,2438,2012
385,1822,2012
386,1485,2012
387,2207,2012
289.01,4254,2012
289.02,7192,2012
305.01,5041,2012
348.03,4741,2012
240,3799,2012
281,3361,2012
283,6228,2012
308,4913,2012
310,7951,2012
333,4315,2012
336,7249,2012
363.03,6497,2012
366,1518,2012
299,4247,2012
277,4910,2012
285,2326,2012
293,2834,2012
302,6806,2012
306,7403,2012
316,5944,2012
56,1348,2012
67,6702,2012
70,4910,2012
80,3519,2012
94,4027,2012
95,3503,2012
363.01,3778,2012
353.02,4517,2012
355,7094,2012
362.03,4800,2012
364,363,2012
205,3036,2012
218,4194,2012
219,1421,2012
238,4647,2012
252,7877,2012
262,4695,2012
273,7046,2012
284,4446,2012
286,7741,2012
1,3183,2012
13,5413,2012
307,3949,2012
312,4716,2012
231,1181,2012
235,1223,2012
19,2752,2012
31,3627,2012
32,4620,2012
40.01,4029,2012
62,4693,2012
72,4472,2012
74,4173,2012
92,3521,2012
100,5040,2012
25,3568,2012
33,6209,2012
40.02,4377,2012
135,3345,2012
143,1466,2012
146,3289,2012
148,730,2012
149,3207,2012
113,2868,2012
114,7588,2012
117,2327,2012
131,1471,2012
138,2026,2012
162,1794,2012
179,6290,2012
183,4074,2012
190,7848,2012
206,2068,2012
215,3541,2012
216,1850,2012
220,1785,2012
2,2009,2012
6,1565,2012
22,1992,2012
23,2464,2012
41.01,5670,2012
42.02,5106,2012
55,6508,2012
69,2760,2012
77,2376,2012
42.01,5929,2012
317,5885,2012
318,3634,2012
323,3129,2012
334,5098,2012
339,3048,2012
361,4216,2012
335,3825,2012
341,6299,2012
351,3310,2012
353.01,5311,2012
360,2839,2012
199,4674,2012
204,2867,2012
237,4868,2012
20,1778,2012
39.01,6857,2012
50,0,2012
54,1089,2012
60,5820,2012
111,3488,2012
82,8382,2012
36,7738,2012
170,2926,2012
243,4611,2012
255,2885,2012
256,2816,2012
263.01,4071,2012
270,2254,2012
247,4589,2012
38,3668,2012
125,4200,2012
210,4944,2012
347.02,4347,2012
266,6573,2012
104,3158,2012
132,2674,2012
176.01,5198,2012
276,4069,2012
16,2025,2012
39.02,6233,2012
78,3936,2012
93,3717,2012
321,4637,2012
214,3229,2012
349,6312,2012
269,2124,2012
292,3234,2012
313,6337,2012
325,6020,2012
14,4400,2012
363.02,3510,2012
83.01,4362,2012
83.02,4257,2012
63,3823,2012
73,3089,2012
79,4737,2012
85,6731,2012
96,4348,2012
118,5794,2012
110,3458,2012
112,5447,2012
41.02,8105,2012
158,5603,2012
119,5328,2012
139,3323,2012
147,3747,2012
156,1844,2012
163,3622,2012
178,6531,2012
164,4718,2012
169.02,5587,2012
171,3606,2012
7,2650,2012
18,2797,2012
21,1809,2012
257,3147,2012
211,2289,2012
261,2793,2012
272,4476,2012
275,4576,2012
280,4378,2012
294,3600,2012
388,3357,2012
389,3262,2012
390,7519,2012
9800,1087,2012
9802,242,2012
9803,0,2012
9804,0,2012
9805,0,2012
9806,0,2012
9807,0,2012
9808,0,2012
197,6659,2012
200,1369,2012
108,3448,2012
145,1603,2012
165,1911,2012
236,3099,2012
239,1472,2012
242,4230,2012
245,3578,2012
254,4449,2012
4.01,2287,2012
4.02,3021,2012
8.01,1713,2012
8.03,3680,2012
8.04,3224,2012
9.01,1910,2012
9.02,2367,2012
10.01,2392,2012
10.02,3311,2012
11.01,3123,2012
11.02,2483,2012
12.01,3636,2012
12.02,5050,2012
27.01,3815,2012
9809,4,2012
9801,51,2012
9891,4985,2012
101,5173,2012
107,4074,2012
133,2927,2012
361,4164,2013
335,3783,2013
341,6731,2013
351,3550,2013
353.01,5377,2013
360,2922,2013
199,4466,2013
204,2733,2013
237,4979,2013
20,2252,2013
39.01,6998,2013
50,0,2013
54,1141,2013
60,5740,2013
111,3195,2013
82,7548,2013
36,7433,2013
170,3239,2013
243,4164,2013
276,3869,2013
16,1960,2013
39.02,5920,2013
78,3967,2013
93,3846,2013
321,3773,2013
214,3618,2013
349,5702,2013
269,2141,2013
292,3590,2013
313,5842,2013
325,5756,2013
14,4169,2013
363.02,3374,2013
135,3218,2013
143,1622,2013
146,3332,2013
148,805,2013
149,3026,2013
113,3127,2013
114,7708,2013
117,2027,2013
348.01,4268,2013
61,3603,2013
84,5133,2013
90,5428,2013
102,2887,2013
109,1978,2013
142,3579,2013
161,5041,2013
169.01,3622,2013
174,1992,2013
259,4931,2013
290,6738,2013
4.01,2458,2013
4.02,2892,2013
8.01,1729,2013
8.03,3556,2013
110,3571,2013
112,4718,2013
41.02,8751,2013
158,5542,2013
164,4405,2013
169.02,5500,2013
171,3902,2013
7,2697,2013
18,2879,2013
21,1897,2013
257,3407,2013
211,2273,2013
261,3113,2013
272,4773,2013
275,4644,2013
280,4165,2013
294,3139,2013
8.04,3560,2013
9.01,1976,2013
9.02,2457,2013
10.01,2594,2013
10.02,3450,2013
11.01,3336,2013
11.02,2540,2013
12.01,3842,2013
12.02,4899,2013
27.01,3885,2013
27.02,3562,2013
28.01,4356,2013
28.02,4842,2013
30.01,4445,2013
30.02,3241,2013
71.01,3145,2013
71.02,4720,2013
81.01,2141,2013
81.02,5780,2013
86.01,3101,2013
86.02,3208,2013
87.01,5244,2013
87.02,3428,2013
88.01,1745,2013
88.02,7255,2013
98.01,2600,2013
122.01,3014,2013
122.03,1272,2013
122.04,2944,2013
98.02,6132,2013
134.01,2460,2013
134.02,2751,2013
136.01,2694,2013
136.02,3985,2013
151.01,2071,2013
151.02,4072,2013
167.01,2635,2013
167.02,3165,2013
177.01,3831,2013
177.02,6171,2013
172.01,3411,2013
172.02,3363,2013
180.01,2610,2013
180.02,5341,2013
289.01,4224,2013
289.02,7189,2013
305.01,5526,2013
195.01,4361,2013
195.02,3604,2013
201.01,4182,2013
201.02,3444,2013
274.01,2919,2013
274.02,7124,2013
279.01,4951,2013
279.02,4437,2013
388,3546,2013
389,3208,2013
390,7420,2013
9800,1228,2013
9802,317,2013
9803,0,2013
9804,0,2013
9805,0,2013
9806,0,2013
9807,0,2013
9809,4,2013
9801,59,2013
208,2352,2013
209,3065,2013
207,5825,2013
184,2379,2013
198,6615,2013
212,2357,2013
213,3263,2013
217,5908,2013
241,1225,2013
248,2213,2013
64,3733,2013
65,4372,2013
66,3598,2013
91,2419,2013
103,2470,2013
105,3618,2013
3,3398,2013
5,2267,2013
24,4528,2013
37.01,6399,2013
287,2502,2013
291,4055,2013
326,6776,2013
332,2670,2013
305.02,6341,2013
329,3658,2013
348.02,5387,2013
348.03,4543,2013
240,3838,2013
281,3433,2013
283,5901,2013
308,5147,2013
310,7774,2013
333,4160,2013
336,7033,2013
363.03,6005,2013
366,1573,2013
299,4070,2013
277,4699,2013
285,2698,2013
293,3032,2013
302,7148,2013
306,7680,2013
316,6043,2013
260,2783,2013
263.02,5399,2013
264,5596,2013
271,2905,2013
278,4560,2013
282,5056,2013
288,4734,2013
298,4890,2013
309,4716,2013
320,7022,2013
342,3571,2013
15,2810,2013
29,4387,2013
37.02,3599,2013
140,2936,2013
141,2098,2013
144,3054,2013
152,6202,2013
153,4421,2013
157,2749,2013
160,6963,2013
168,4457,2013
202,5197,2013
203,2808,2013
83.01,4399,2013
83.02,4136,2013
63,3920,2013
73,3238,2013
79,4360,2013
85,6755,2013
96,4472,2013
118,5879,2013
119,5224,2013
139,3236,2013
147,3584,2013
156,1925,2013
163,4093,2013
178,7100,2013
131,1596,2013
138,2004,2013
162,2049,2013
179,6442,2013
183,4086,2013
190,8032,2013
206,2089,2013
215,3619,2013
216,2081,2013
220,1828,2013
2,2215,2013
6,1534,2013
22,2167,2013
23,2568,2013
41.01,6355,2013
42.02,5189,2013
55,6871,2013
69,2619,2013
77,2345,2013
197,6570,2013
200,1353,2013
108,3616,2013
145,1653,2013
165,2170,2013
236,2904,2013
239,1484,2013
242,4201,2013
101,5028,2013
107,3803,2013
133,3183,2013
255,3084,2013
256,3118,2013
238,4368,2013
252,8204,2013
262,4702,2013
273,7563,2013
284,4863,2013
286,8100,2013
1,3399,2013
13,5232,2013
307,3781,2013
312,4680,2013
231,1179,2013
317,6117,2013
318,3886,2013
323,3424,2013
334,5319,2013
339,2903,2013
245,3443,2013
254,4592,2013
56,1188,2013
67,7216,2013
70,4595,2013
80,3851,2013
94,4139,2013
95,3488,2013
363.01,3840,2013
353.02,4446,2013
355,7544,2013
362.03,4790,2013
364,485,2013
205,2562,2013
218,3988,2013
263.01,4124,2013
270,2067,2013
247,4381,2013
38,3734,2013
125,4905,2013
210,5119,2013
347.02,4060,2013
266,6711,2013
104,3065,2013
132,2861,2013
176.01,5588,2013
235,1322,2013
19,2919,2013
31,3802,2013
32,4397,2013
40.01,4054,2013
62,4709,2013
72,4597,2013
74,4283,2013
92,3354,2013
100,4886,2013
25,3582,2013
33,5923,2013
40.02,4560,2013
42.01,5745,2013
338,6210,2013
344,8140,2013
347.01,6425,2013
352,4251,2013
358,6142,2013
359,4982,2013
362.01,5006,2013
362.02,6256,2013
106,1468,2013
244,3143,2013
246,3116,2013
249,3210,2013
258,1586,2013
265,4957,2013
267,7265,2013
268,5010,2013
319,4490,2013
330,8122,2013
340,3095,2013
346,2616,2013
219,1519,2013
301,5109,2013
137,4362,2013
115,4473,2013
120,1906,2013
121,2952,2013
166,1567,2013
173,3273,2013
175,7431,2013
176.02,3766,2013
253,3981,2013
300,7642,2013
188,8877,2013
191,8329,2013
192,8105,2013
17,2997,2013
9808,0,2013
9891,4508,2013
311.01,5415,2013
311.02,3959,2013
314.01,7151,2013
314.02,5830,2013
315.01,6187,2013
315.02,3451,2013
331.01,4658,2013
331.02,3611,2013
337.01,4700,2013
337.02,5325,2013
345.01,3683,2013
345.02,5312,2013
356.01,5170,2013
356.02,3425,2013
357.01,4585,2013
357.02,3763,2013
365.01,5581,2013
365.02,3919,2013
367,2457,2013
369,5311,2013
372,4354,2013
373,5093,2013
375,4140,2013
376,2569,2013
377,5340,2013
378,2062,2013
379,5012,2013
380,2349,2013
381,965,2013
382,2313,2013
383,3747,2013
384,2490,2013
385,1870,2013
386,1370,2013
387,2320,2013
56,1116,2014
67,6536,2014
70,3760,2014
80,3955,2014
329,3477,2014
348.02,5561,2014
348.03,4513,2014
240,3711,2014
281,3908,2014
283,6110,2014
308,4910,2014
310,8625,2014
333,4310,2014
336,7228,2014
363.03,6197,2014
366,1727,2014
299,4034,2014
277,4891,2014
285,2994,2014
293,3165,2014
302,6676,2014
306,8074,2014
316,6063,2014
209,2962,2014
208,2177,2014
207,5787,2014
184,2497,2014
198,6577,2014
212,2586,2014
213,3436,2014
217,6578,2014
241,1301,2014
248,2101,2014
64,3544,2014
65,4214,2014
66,3418,2014
91,2675,2014
103,2492,2014
105,3989,2014
3,3438,2014
5,2388,2014
24,5361,2014
37.01,5867,2014
287,2685,2014
291,3860,2014
326,6328,2014
332,2673,2014
301,5087,2014
137,4412,2014
115,4681,2014
120,1916,2014
121,2869,2014
166,1624,2014
173,3178,2014
175,7214,2014
176.02,3906,2014
253,3905,2014
353.02,4279,2014
94,4106,2014
95,3205,2014
363.01,3477,2014
355,7131,2014
362.03,5289,2014
364,613,2014
205,2554,2014
218,4278,2014
219,1578,2014
300,7511,2014
188,8698,2014
191,8397,2014
192,9150,2014
17,2820,2014
135,3370,2014
143,1612,2014
146,3615,2014
148,1014,2014
149,3230,2014
113,3016,2014
114,7503,2014
117,1948,2014
131,1500,2014
138,2240,2014
4.01,2566,2014
4.02,3067,2014
8.01,1764,2014
8.03,3688,2014
317,6281,2014
318,4160,2014
323,3333,2014
334,5386,2014
339,3049,2014
361,3991,2014
190,7996,2014
162,2206,2014
179,7236,2014
183,3792,2014
206,1877,2014
215,3873,2014
216,2129,2014
220,1777,2014
2,2285,2014
6,1455,2014
22,2320,2014
23,2721,2014
41.01,6533,2014
42.02,5365,2014
55,6437,2014
69,2253,2014
77,2076,2014
238,4460,2014
252,7316,2014
262,4592,2014
273,7424,2014
284,4966,2014
286,7975,2014
1,3527,2014
13,5562,2014
307,4151,2014
312,5004,2014
231,1269,2014
235,1276,2014
19,2641,2014
31,3852,2014
32,4745,2014
40.01,4290,2014
62,4782,2014
72,4388,2014
74,4454,2014
92,3316,2014
10.01,2400,2014
8.04,3785,2014
9.01,1853,2014
9.02,2599,2014
10.02,3340,2014
11.01,3198,2014
11.02,2433,2014
12.01,4012,2014
12.02,5046,2014
27.01,3766,2014
255,2923,2014
256,2927,2014
263.01,4335,2014
270,2662,2014
247,4832,2014
38,3805,2014
125,5197,2014
210,5085,2014
347.02,4132,2014
266,6464,2014
104,3467,2014
132,2836,2014
176.01,5922,2014
353.01,5524,2014
335,3938,2014
341,5738,2014
351,3669,2014
360,3075,2014
199,4886,2014
204,2538,2014
237,4896,2014
20,2119,2014
39.01,6677,2014
50,0,2014
54,1230,2014
60,6436,2014
111,3279,2014
82,7290,2014
36,7375,2014
170,3050,2014
243,3984,2014
276,3711,2014
16,1942,2014
39.02,6020,2014
78,3861,2014
93,3936,2014
321,3942,2014
214,3985,2014
349,4978,2014
269,2255,2014
292,3903,2014
313,5953,2014
325,5868,2014
14,4374,2014
363.02,3319,2014
100,4810,2014
25,3542,2014
33,6562,2014
40.02,4785,2014
42.01,5659,2014
83.01,4479,2014
83.02,4055,2014
63,3844,2014
73,2633,2014
79,4574,2014
85,6992,2014
96,4319,2014
118,6197,2014
119,4909,2014
139,3337,2014
147,3595,2014
156,1981,2014
163,3935,2014
178,6775,2014
314.01,7386,2014
305.02,6477,2014
311.01,5520,2014
311.02,4186,2014
314.02,5698,2014
315.01,6172,2014
315.02,3620,2014
331.01,4801,2014
331.02,3562,2014
337.01,4864,2014
337.02,5294,2014
345.01,3619,2014
345.02,4519,2014
356.01,5612,2014
356.02,3244,2014
357.01,4545,2014
357.02,4034,2014
365.01,5603,2014
365.02,4031,2014
367,2590,2014
369,5125,2014
372,4208,2014
373,5160,2014
375,4144,2014
376,2666,2014
377,5137,2014
378,2088,2014
379,5039,2014
380,2401,2014
381,1228,2014
382,2303,2014
383,3820,2014
384,2456,2014
385,1934,2014
386,1384,2014
387,2358,2014
27.02,3828,2014
28.01,4572,2014
28.02,5532,2014
30.01,4557,2014
30.02,3295,2014
71.01,2985,2014
71.02,4773,2014
81.01,2448,2014
81.02,5512,2014
86.01,2852,2014
86.02,2893,2014
87.01,5292,2014
87.02,3488,2014
88.01,2001,2014
88.02,7489,2014
98.01,2356,2014
122.01,3151,2014
122.03,1070,2014
122.04,3291,2014
98.02,5945,2014
134.01,2390,2014
134.02,2877,2014
136.01,2761,2014
136.02,3957,2014
151.01,2015,2014
151.02,3530,2014
167.01,2932,2014
167.02,2930,2014
177.01,3937,2014
177.02,6371,2014
172.01,3375,2014
172.02,3341,2014
180.01,2372,2014
180.02,5502,2014
195.01,4554,2014
197,6905,2014
200,1276,2014
108,3627,2014
145,1615,2014
165,2065,2014
236,3102,2014
239,1260,2014
242,3795,2014
245,3624,2014
274.01,3351,2014
195.02,3767,2014
201.01,3871,2014
201.02,3350,2014
274.02,7393,2014
279.01,4642,2014
279.02,4723,2014
110,3278,2014
112,4921,2014
41.02,9422,2014
158,5872,2014
164,4543,2014
169.02,5798,2014
171,4078,2014
7,3097,2014
18,3007,2014
21,2147,2014
257,3611,2014
211,2409,2014
261,3340,2014
272,4719,2014
275,4990,2014
280,4298,2014
294,2816,2014
254,4242,2014
388,3763,2014
389,3346,2014
390,7946,2014
9800,1217,2014
9802,354,2014
9803,0,2014
9804,0,2014
9805,0,2014
9806,0,2014
9807,0,2014
9808,0,2014
289.01,4427,2014
289.02,7328,2014
305.01,5657,2014
101,5377,2014
107,3376,2014
133,3696,2014
338,6402,2014
344,8027,2014
347.01,6582,2014
352,4224,2014
358,6741,2014
359,5115,2014
362.01,5009,2014
362.02,6252,2014
106,1398,2014
244,2715,2014
246,2947,2014
249,2886,2014
258,1564,2014
265,4965,2014
267,6456,2014
268,5091,2014
319,4187,2014
330,7635,2014
340,3001,2014
346,2713,2014
348.01,4429,2014
61,3514,2014
263.02,5978,2014
260,2996,2014
264,5605,2014
271,2942,2014
278,4435,2014
282,4848,2014
288,4443,2014
298,5167,2014
309,4512,2014
320,7039,2014
342,3676,2014
15,2758,2014
29,4240,2014
37.02,3729,2014
140,2809,2014
141,2181,2014
144,3323,2014
152,6098,2014
153,3860,2014
157,2668,2014
160,6435,2014
168,4206,2014
202,4782,2014
203,2889,2014
109,2247,2014
84,5213,2014
90,5774,2014
102,3037,2014
142,3615,2014
161,4791,2014
169.01,3356,2014
174,2268,2014
259,5125,2014
290,7009,2014
9809,5,2014
9801,61,2014
9891,3744,2014
300,7171,2015
188,9146,2015
191,8440,2015
192,9510,2015
17,2813,2015
27.02,3991,2015
28.01,4386,2015
28.02,5803,2015
30.01,4416,2015
30.02,3122,2015
71.01,2607,2015
71.02,4815,2015
81.01,2632,2015
81.02,5442,2015
86.01,2863,2015
86.02,2840,2015
87.01,5233,2015
87.02,3326,2015
88.01,2302,2015
88.02,6881,2015
98.01,2430,2015
122.01,3157,2015
122.03,777,2015
122.04,3405,2015
98.02,6528,2015
134.01,2272,2015
134.02,2763,2015
136.01,2827,2015
136.02,3826,2015
151.01,2092,2015
151.02,3324,2015
167.01,3021,2015
167.02,3129,2015
177.01,3919,2015
177.02,5806,2015
208,2155,2015
209,2926,2015
207,5810,2015
184,2471,2015
198,6992,2015
212,2553,2015
213,3753,2015
217,6189,2015
241,1535,2015
248,2167,2015
64,3443,2015
65,4107,2015
66,3487,2015
91,2866,2015
103,2538,2015
105,4298,2015
3,3405,2015
5,2316,2015
24,5163,2015
37.01,6186,2015
287,2527,2015
291,4811,2015
326,6363,2015
332,2708,2015
301,4899,2015
137,4863,2015
115,4686,2015
120,1883,2015
121,2968,2015
166,1652,2015
173,3202,2015
175,7097,2015
176.02,4320,2015
253,3867,2015
172.01,3516,2015
172.02,3374,2015
180.01,2567,2015
180.02,5430,2015
195.01,4697,2015
195.02,3266,2015
201.01,3908,2015
201.02,3259,2015
274.01,3262,2015
274.02,7245,2015
279.01,4514,2015
279.02,4638,2015
197,7096,2015
200,1273,2015
108,3959,2015
145,1682,2015
165,2251,2015
236,2731,2015
239,1363,2015
242,3383,2015
25,4022,2015
33,6121,2015
40.02,4814,2015
42.01,5625,2015
245,3709,2015
254,4145,2015
260,3096,2015
263.02,5537,2015
264,5753,2015
271,2938,2015
238,4392,2015
252,6591,2015
262,4449,2015
273,7439,2015
284,4655,2015
286,7984,2015
1,3608,2015
13,5890,2015
307,4158,2015
312,5081,2015
231,1377,2015
235,1318,2015
19,2827,2015
31,4193,2015
32,5079,2015
40.01,4071,2015
62,4882,2015
72,4335,2015
278,4836,2015
282,5236,2015
288,4409,2015
298,4907,2015
309,4507,2015
320,6652,2015
342,3595,2015
15,2861,2015
29,4533,2015
37.02,3945,2015
140,2940,2015
141,2153,2015
144,3540,2015
152,5824,2015
153,4135,2015
157,2599,2015
160,6711,2015
168,3942,2015
202,4696,2015
203,2779,2015
289.01,4417,2015
289.02,6923,2015
305.01,6314,2015
74,4467,2015
92,3389,2015
100,4481,2015
305.02,6462,2015
311.01,5479,2015
311.02,3997,2015
314.01,6941,2015
314.02,5685,2015
315.01,6503,2015
315.02,3524,2015
331.01,4699,2015
331.02,3551,2015
337.01,5233,2015
337.02,5107,2015
345.01,3804,2015
345.02,4771,2015
356.01,5763,2015
356.02,3183,2015
357.01,4490,2015
357.02,4206,2015
365.01,5385,2015
365.02,4288,2015
367,2747,2015
369,5139,2015
372,4564,2015
373,5440,2015
375,4241,2015
376,2822,2015
377,5338,2015
378,2242,2015
379,5308,2015
380,2216,2015
381,920,2015
382,2551,2015
383,3972,2015
384,2532,2015
385,1922,2015
386,1369,2015
387,2439,2015
101,6569,2015
107,3298,2015
133,3546,2015
338,6283,2015
344,7712,2015
347.01,6515,2015
352,4257,2015
358,7038,2015
359,5150,2015
362.01,5019,2015
362.02,6246,2015
106,1466,2015
244,2598,2015
246,3165,2015
249,3107,2015
258,1693,2015
265,5229,2015
267,6722,2015
268,4949,2015
319,4359,2015
330,7224,2015
340,2923,2015
346,2679,2015
348.01,4180,2015
61,3366,2015
84,4971,2015
90,6124,2015
102,2866,2015
109,2492,2015
142,3800,2015
161,5152,2015
169.01,3495,2015
174,2118,2015
259,4830,2015
290,7208,2015
56,991,2015
67,6777,2015
70,3528,2015
80,3683,2015
94,4270,2015
95,3229,2015
363.01,3370,2015
353.02,4453,2015
355,7074,2015
362.03,5492,2015
364,759,2015
205,2774,2015
218,4164,2015
219,1563,2015
110,3545,2015
112,4715,2015
41.02,9288,2015
158,5937,2015
164,4567,2015
169.02,5909,2015
171,4269,2015
7,3241,2015
18,3206,2015
21,2289,2015
257,3464,2015
211,2507,2015
261,3207,2015
272,4920,2015
275,5147,2015
280,4141,2015
294,2882,2015
388,3767,2015
389,3221,2015
390,8258,2015
9800,1248,2015
9802,479,2015
9803,0,2015
9804,0,2015
9805,0,2015
9806,0,2015
9807,0,2015
9808,0,2015
329,3264,2015
348.02,5423,2015
348.03,4422,2015
240,3815,2015
281,4124,2015
283,5877,2015
308,4570,2015
310,8413,2015
333,4510,2015
336,7351,2015
363.03,6212,2015
366,1867,2015
299,3957,2015
277,5126,2015
285,2921,2015
293,2937,2015
302,6800,2015
306,8519,2015
316,5854,2015
83.01,4740,2015
83.02,4470,2015
63,4025,2015
73,2450,2015
79,4762,2015
85,7296,2015
96,4202,2015
118,5909,2015
119,4260,2015
139,3242,2015
147,3092,2015
156,1986,2015
163,3574,2015
178,5725,2015
255,2950,2015
256,2912,2015
263.01,4270,2015
4.01,2836,2015
135,3658,2015
143,1454,2015
146,3870,2015
148,1043,2015
149,3436,2015
113,2912,2015
114,7325,2015
117,1820,2015
270,2818,2015
247,5020,2015
38,4007,2015
125,5275,2015
210,5094,2015
347.02,3945,2015
266,6855,2015
104,3690,2015
132,2905,2015
176.01,6044,2015
4.02,3049,2015
8.01,1692,2015
8.03,3532,2015
8.04,3746,2015
9.01,2081,2015
9.02,2639,2015
10.01,2626,2015
10.02,3541,2015
11.01,3319,2015
11.02,2559,2015
12.01,4167,2015
12.02,5249,2015
27.01,4372,2015
9809,4,2015
9801,80,2015
9891,3145,2015
317,6314,2015
318,4131,2015
323,3163,2015
334,5486,2015
339,3483,2015
131,1492,2015
138,2271,2015
162,2278,2015
179,6885,2015
183,3818,2015
190,7949,2015
206,1724,2015
215,3912,2015
216,2145,2015
220,1783,2015
2,2331,2015
6,1341,2015
22,2219,2015
23,2819,2015
41.01,6807,2015
42.02,5580,2015
55,6385,2015
69,2321,2015
77,2047,2015
361,3925,2015
335,4055,2015
341,6038,2015
351,3693,2015
353.01,5371,2015
360,3118,2015
199,4411,2015
204,2497,2015
237,4738,2015
20,2111,2015
39.01,6076,2015
50,0,2015
54,1303,2015
60,6055,2015
111,3264,2015
82,6896,2015
36,6916,2015
170,3086,2015
243,3927,2015
276,3547,2015
16,2017,2015
39.02,5651,2015
78,4215,2015
93,4215,2015
321,4172,2015
214,4279,2015
349,5508,2015
269,2229,2015
292,4061,2015
313,6222,2015
325,6047,2015
14,4482,2015
363.02,3597,2015
