tr,population,TRACTCE10,SHAPE_AREA,density,density_rank,density_group
50.0,0.0,005000,88329434.9252,0.0,0.009114583333333334,low_density
54.0,1421.142857142857,005400,25752131.409,55.18544599559584,0.044270833333333336,low_density
55.0,6441.357142857143,005500,12703639.147,507.04818267592935,0.3515625,low_density
56.0,1132.7857142857142,005600,9047139.02507,125.20927457251597,0.0703125,low_density
60.0,6281.571428571428,006000,11755567.3676,534.348639427164,0.3854166666666667,low_density
61.0,3160.1428571428573,006100,5677914.17497,556.5675633269949,0.4140625,low_density
62.0,4767.214285714285,006200,5485256.2413,869.096004999843,0.7161458333333334,mid_density
63.0,4259.214285714285,006300,5981063.15391,712.1165879898642,0.5859375,mid_density
100.0,4857.571428571428,010000,5350496.87993,907.8729578915257,0.7421875,mid_density
101.0,6337.571428571428,010100,6473969.60034,978.9312925162008,0.7890625,mid_density
102.0,3058.214285714286,010200,3881678.52357,787.8587232673843,0.640625,mid_density
103.0,2597.3571428571427,010300,3027711.34922,857.8615473123864,0.703125,mid_density
104.0,3588.3571428571427,010400,5092391.52993,704.6506777349989,0.5755208333333334,mid_density
105.0,4108.428571428572,010500,7079505.84878,580.3270255277168,0.4270833333333333,low_density
106.0,1507.0714285714287,010600,2857396.3022,527.4282140741509,0.3723958333333333,low_density
107.0,3683.0714285714284,010700,4956471.5506,743.0833388170216,0.609375,mid_density
108.0,3898.3571428571427,010800,6304181.66337,618.3763969728648,0.4765625,low_density
109.0,2506.8571428571427,010900,2671107.24015,938.5086099037964,0.765625,mid_density
110.0,3562.0714285714284,011000,5089944.17161,699.8252453218381,0.5703125,mid_density
111.0,3506.785714285714,011100,14007749.4609,250.34611905890006,0.13802083333333334,low_density
112.0,5673.428571428572,011200,5416064.53652,1047.5186425813783,0.84375,mid_density
113.0,3121.5,011300,3604799.20939,865.928951567934,0.7109375,mid_density
114.0,7151.571428571428,011400,10472023.1766,682.9216578274765,0.5494791666666666,mid_density
157.0,2761.5714285714284,015700,5222616.0851,528.7716699012448,0.375,low_density
158.0,6195.285714285715,015800,6244885.59514,992.0575196937339,0.7994791666666666,mid_density
160.0,6850.0,016000,7759119.18829,882.8321660966318,0.7239583333333334,mid_density
161.0,5587.071428571428,016100,7616202.38163,733.5770701218811,0.5989583333333334,mid_density
162.0,2193.4285714285716,016200,3928529.94817,558.3331679704571,0.4192708333333333,low_density
163.0,3352.8571428571427,016300,6158876.4129,544.394288515752,0.390625,low_density
164.0,4507.0,016400,5220904.12035,863.2604422733315,0.7083333333333334,mid_density
165.0,2654.0,016500,4248720.98661,624.6585756899966,0.484375,low_density
166.0,1661.2857142857142,016600,2810591.69844,591.0804174109671,0.4453125,low_density
168.0,3690.4285714285716,016800,6256828.38623,589.8241638767735,0.4427083333333333,low_density
39.01,6534.714285714285,003901,4524884.08058,1444.1727499186377,0.9557291666666666,high_density
169.02,5070.071428571428,016902,6067542.84044,835.6053779759982,0.6848958333333334,mid_density
169.01,3349.785714285714,016901,5520774.86757,606.7600644183017,0.4557291666666667,low_density
207.0,5910.857142857143,020700,16312034.4678,362.36173694490356,0.22916666666666666,low_density
208.0,2203.3571428571427,020800,9490199.31204,232.1718512341246,0.1171875,low_density
209.0,2954.0,020900,5885364.97211,501.9229927113496,0.3463541666666667,low_density
210.0,5003.642857142857,021000,9761633.50342,512.5825360468434,0.3567708333333333,low_density
211.0,2432.714285714286,021100,5908815.89678,411.7092710639351,0.2864583333333333,low_density
212.0,2404.3571428571427,021200,5550945.77222,433.143691457026,0.3072916666666667,low_density
213.0,3419.6428571428573,021300,5799745.74655,589.6194430897327,0.4375,low_density
214.0,3778.5,021400,7085085.11964,533.3034023156505,0.3828125,low_density
215.0,3716.0714285714284,021500,11178933.1304,332.41735908285744,0.20572916666666666,low_density
216.0,2071.0,021600,22544671.3668,91.86206205027324,0.0546875,low_density
241.0,1262.357142857143,024100,4389871.45601,287.5613000305281,0.1640625,low_density
242.0,3760.1428571428573,024200,5726860.20782,656.5801714538799,0.5208333333333334,mid_density
243.0,4053.6428571428573,024300,7308687.70856,554.6334744054251,0.40625,low_density
244.0,3178.0714285714284,024400,4533507.21571,701.018279525051,0.5729166666666666,mid_density
245.0,3682.214285714286,024500,8633973.64087,426.4796765517168,0.3020833333333333,low_density
246.0,2841.785714285714,024600,6687252.64409,424.9556380671818,0.2994791666666667,low_density
247.0,4375.571428571428,024700,10135689.3937,431.69943933869314,0.3046875,low_density
248.0,2214.285714285714,024800,3436190.85072,644.4012601400603,0.5078125,mid_density
249.0,3040.214285714286,024900,3500340.89855,868.5480568403153,0.7135416666666666,mid_density
252.0,7593.142857142857,025200,10250904.3768,740.7290691665967,0.6041666666666666,mid_density
253.0,4153.071428571428,025300,6257232.17013,663.7234028804055,0.5260416666666666,mid_density
254.0,4249.928571428572,025400,8285427.65981,512.9401578199321,0.359375,low_density
255.0,2758.785714285714,025500,8251264.87097,334.347007086369,0.21354166666666666,low_density
256.0,2754.0,025600,9332669.30603,295.0924231527836,0.171875,low_density
283.0,6472.214285714285,028300,7244757.49342,893.3652080960098,0.7317708333333334,mid_density
284.0,4287.285714285715,028400,5147839.99967,832.8319673028977,0.6822916666666666,mid_density
285.0,2645.785714285714,028500,2974301.46228,889.5486042149686,0.7291666666666666,mid_density
286.0,7078.357142857143,028600,7734766.77493,915.1351745730177,0.7552083333333334,mid_density
287.0,2566.785714285714,028700,3632561.19689,706.604947628482,0.578125,mid_density
288.0,4559.285714285715,028800,4880696.18158,934.14659398237,0.7604166666666666,mid_density
290.0,7180.571428571428,029000,9035913.32085,794.6702423542016,0.6432291666666666,mid_density
291.0,4583.071428571428,029100,14287233.2878,320.7808913209918,0.19010416666666666,low_density
292.0,4325.714285714285,029200,18958895.7267,228.16277635950803,0.11458333333333333,low_density
293.0,2964.785714285714,029300,7379617.51023,401.7533036333899,0.2786458333333333,low_density
294.0,3487.4285714285716,029400,6971730.36149,500.2242471527883,0.34375,low_density
298.0,4873.785714285715,029800,6995382.12775,696.714721980931,0.5651041666666666,mid_density
333.0,4256.428571428572,033300,11213668.148,379.57504317512036,0.2578125,low_density
334.0,5309.0,033400,13163646.3581,403.3077048391844,0.28125,low_density
335.0,3930.8571428571427,033500,10147564.2242,387.3695259284785,0.2708333333333333,low_density
336.0,7155.857142857143,033600,12470599.9557,573.818193854128,0.4244791666666667,low_density
338.0,6271.857142857143,033800,15070180.15,416.1766535257472,0.2942708333333333,low_density
339.0,3128.285714285714,033900,12341402.3803,253.47894978930833,0.140625,low_density
340.0,3018.714285714286,034000,8203712.17824,367.9693070804334,0.24479166666666666,low_density
341.0,5971.857142857143,034100,14564423.8528,410.03044152062756,0.2838541666666667,low_density
342.0,3446.714285714286,034200,10407436.32,331.17803268137465,0.203125,low_density
9802.0,452.3076923076923,980200,58032080.6533,7.794097458092291,0.028645833333333332,low_density
344.0,8001.0,034400,36992942.8232,216.28449616022976,0.10416666666666667,low_density
346.0,2491.8571428571427,034600,20022286.806,124.4541728425555,0.06770833333333333,low_density
64.0,4303.142857142857,006400,7024535.46925,612.5875335073647,0.4661458333333333,low_density
65.0,4504.285714285715,006500,12267008.627,367.18696882397774,0.2421875,low_density
66.0,3624.0714285714284,006600,7010461.31332,516.9519189394325,0.3619791666666667,low_density
363.01,3827.5714285714284,036301,25611192.1043,149.44917101023177,0.0859375,low_density
364.0,742.4285714285714,036400,48325430.2552,15.363103184139439,0.03125,low_density
366.0,1931.0,036600,26338676.7309,73.31423745121523,0.046875,low_density
348.03,4443.714285714285,034803,13771924.4578,322.664729924328,0.19270833333333334,low_density
347.02,4046.214285714286,034702,10803481.8154,374.5287264654385,0.24739583333333334,low_density
362.02,6255.0,036202,12038851.9949,519.5678128321368,0.3671875,low_density
38.0,3913.8571428571427,003800,11719003.0386,333.9752647870896,0.2109375,low_density
83.02,4530.214285714285,008302,4576988.05409,989.7806662759546,0.796875,mid_density
176.02,4257.285714285715,017602,4288825.3951,992.6460795418905,0.8020833333333334,mid_density
10.02,3391.076923076923,001002,5076688.08284,667.9703120897448,0.5338541666666666,mid_density
10.01,2551.153846153846,001001,2469367.58187,1033.120328007996,0.8385416666666666,mid_density
4.02,3473.230769230769,000402,3268871.85163,1062.5166500482014,0.8567708333333334,mid_density
4.01,2440.0,000401,2513118.53678,970.9052574680042,0.7838541666666666,mid_density
122.04,3779.923076923077,012204,10009300.9052,377.6410673156347,0.2526041666666667,low_density
122.03,858.5384615384615,012203,2412016.83996,355.9421506993704,0.2265625,low_density
136.02,3799.076923076923,013602,2526093.51778,1503.93360195772,0.9661458333333334,high_density
345.01,3839.153846153846,034501,4814232.02162,797.4592476874354,0.6484375,mid_density
345.02,5237.538461538462,034502,11015831.633,475.4555657739383,0.328125,low_density
11.02,2535.230769230769,001102,2196706.76919,1154.1052291497215,0.8932291666666666,mid_density
9.02,2596.076923076923,000902,1669891.97733,1554.63764023096,0.9739583333333334,high_density
9.01,1981.1538461538462,000901,1135601.27593,1744.5857874115027,0.9869791666666666,high_density
172.01,3093.076923076923,017201,2830403.02164,1092.8044166956563,0.8671875,mid_density
172.02,3535.076923076923,017202,3127492.43866,1130.323091873423,0.8828125,mid_density
274.01,3095.5384615384614,027401,3516380.15419,880.3196258089222,0.7213541666666666,mid_density
201.01,3782.6153846153843,020101,5205038.8854,726.7218301145689,0.5963541666666666,mid_density
201.02,3236.076923076923,020102,4016145.67259,805.7668189585331,0.6510416666666666,mid_density
311.01,5225.615384615385,031101,3763010.33256,1388.6795205955136,0.9453125,high_density
311.02,4340.230769230769,031102,4285728.8477,1012.7170718138217,0.8177083333333334,mid_density
195.02,3679.0,019502,3985700.49898,923.0497878457026,0.7578125,mid_density
195.01,4463.923076923077,019501,4239561.68103,1052.9208943691012,0.8541666666666666,mid_density
289.01,4229.923076923077,028901,6428284.34316,658.0174197527396,0.5234375,mid_density
289.02,7002.076923076923,028902,8345275.05225,839.046871341774,0.6901041666666666,mid_density
331.01,4911.153846153846,033101,5241221.78604,937.024618808292,0.7630208333333334,mid_density
331.02,3879.3846153846157,033102,7951880.05298,487.8575367759478,0.3307291666666667,low_density
315.01,6424.538461538462,031501,6320977.41406,1016.3837078816492,0.828125,mid_density
305.01,5635.692307692308,030501,4062074.63137,1387.392605780751,0.9427083333333334,high_density
305.02,6844.692307692308,030502,7524320.15494,909.6758466874259,0.7447916666666666,mid_density
98.02,6070.307692307692,009802,6438493.24752,942.8149504770971,0.7708333333333334,mid_density
180.01,2668.923076923077,018001,4169687.15337,640.0775354971214,0.5026041666666666,mid_density
177.02,5596.461538461538,017702,5266839.18751,1062.5844722453685,0.859375,mid_density
177.01,3583.846153846154,017701,2593912.10089,1381.637470528202,0.9375,high_density
356.02,3528.923076923077,035602,15032859.0309,234.74730054139306,0.11979166666666667,low_density
357.01,4778.307692307692,035701,6450976.36306,740.710773592281,0.6015625,mid_density
357.02,4041.4615384615386,035702,16779145.169,240.86218324925554,0.12760416666666666,low_density
356.01,5430.846153846154,035601,21982911.0629,247.04854322099567,0.13541666666666666,low_density
151.01,2231.769230769231,015101,2078364.2204,1073.8104557726203,0.8645833333333334,mid_density
151.02,4089.4615384615386,015102,6014822.04211,679.8973452300104,0.546875,mid_density
365.01,5405.307692307692,036501,19608603.0505,275.66000894540326,0.15625,low_density
9804.0,0.0,980400,32013136.9441,0.0,0.009114583333333334,low_density
134.02,2932.0,013402,2568477.91802,1141.532103285604,0.8880208333333334,mid_density
134.01,2403.4615384615386,013401,1773363.31663,1355.3125385659505,0.9348958333333334,high_density
136.01,2698.3846153846157,013601,1804255.54312,1495.5667591955669,0.9635416666666666,high_density
379.0,4921.153846153846,037900,14796151.4136,332.59688337810115,0.20833333333333334,low_density
382.0,2755.5384615384614,038200,19961084.2993,138.0455300033522,0.078125,low_density
380.0,2387.076923076923,038000,9413510.77917,253.5798788650661,0.14322916666666666,low_density
381.0,862.1538461538461,038100,53377680.0656,16.151954245562525,0.033854166666666664,low_density
384.0,2462.769230769231,038400,24432759.5344,100.79783363405126,0.059895833333333336,low_density
1.0,3707.5714285714284,000100,7595557.09811,488.12369924702193,0.3333333333333333,low_density
2.0,2419.0,000200,4116628.18507,587.6168289312888,0.4322916666666667,low_density
3.0,3585.285714285714,000300,5887110.24019,609.0060433741772,0.4609375,low_density
5.0,2292.5,000500,4615443.89842,496.70195336677995,0.3359375,low_density
6.0,1385.142857142857,000600,1858607.39949,745.2584432424723,0.6145833333333334,mid_density
7.0,3192.6428571428573,000700,2757425.91342,1157.8345012298312,0.8958333333333334,mid_density
32.0,4545.357142857143,003200,5293091.77232,858.7338626220117,0.7057291666666666,mid_density
33.0,6201.428571428572,003300,12468030.2514,497.3863911448427,0.3385416666666667,low_density
36.0,7124.428571428572,003600,10387521.782,685.8641282248983,0.5520833333333334,mid_density
37.01,6289.357142857143,003701,3828073.65981,1642.9561449894632,0.9791666666666666,high_density
37.02,3784.8571428571427,003702,2663988.52471,1420.7482906740972,0.9505208333333334,high_density
41.01,5865.928571428572,004101,4025584.46923,1457.1619639993758,0.9583333333333334,high_density
40.02,4810.928571428572,004002,3711626.82148,1296.177876392818,0.9296875,high_density
39.02,5785.5,003902,4884109.17767,1184.5558298432663,0.9036458333333334,high_density
40.01,4134.928571428572,004001,3390382.00422,1219.6055094328121,0.9140625,high_density
41.02,8600.57142857143,004102,4218118.62534,2038.959117200784,0.9973958333333334,high_density
42.02,5393.428571428572,004202,4880089.89591,1105.190413797254,0.8697916666666666,mid_density
42.01,5570.571428571428,004201,3892831.88014,1430.9817634279882,0.953125,high_density
79.0,4510.142857142857,007900,4068519.26029,1108.5465174426574,0.875,mid_density
80.0,3771.8571428571427,008000,4633831.44234,813.9823793315244,0.6640625,mid_density
82.0,7026.357142857143,008200,9087194.92579,773.215189091622,0.6302083333333334,mid_density
176.01,5320.928571428572,017601,6254801.93035,850.6949749455661,0.6979166666666666,mid_density
83.01,4528.5,008301,5570578.17821,812.9317738890702,0.6614583333333334,mid_density
84.0,4933.928571428572,008400,5400678.01454,913.5757692173428,0.7526041666666666,mid_density
85.0,6778.0,008500,6688826.33461,1013.3317357827917,0.8203125,mid_density
90.0,5557.0,009000,4695147.11411,1183.5624880208616,0.8984375,mid_density
91.0,2699.6428571428573,009100,4580842.63131,589.3332459602157,0.4348958333333333,low_density
92.0,3399.785714285714,009200,5511217.48866,616.884694041051,0.4739583333333333,low_density
94.0,4014.5,009400,3947301.1151,1017.0240077816555,0.8333333333333334,mid_density
95.0,3269.5714285714284,009500,3434284.21563,952.0386850019762,0.7760416666666666,mid_density
96.0,4411.428571428572,009600,4362725.81948,1011.1633767428402,0.8151041666666666,mid_density
138.0,1950.5714285714287,013800,3673218.17194,531.0252038585663,0.3802083333333333,low_density
139.0,2753.9285714285716,013900,6059211.23945,454.50281605936357,0.3177083333333333,low_density
140.0,3190.3571428571427,014000,4732633.59707,674.1187707479215,0.5390625,mid_density
141.0,2388.214285714286,014100,6050683.33997,394.70158187556495,0.2734375,low_density
142.0,4059.4285714285716,014200,10807190.2177,375.62294080657944,0.25,low_density
143.0,1654.5714285714287,014300,8906356.9231,185.7742108089161,0.09895833333333333,low_density
144.0,3635.1428571428573,014400,6559737.17454,554.159832996323,0.4036458333333333,low_density
145.0,1742.7857142857142,014500,3460114.52043,503.67862219460073,0.3489583333333333,low_density
146.0,3715.9285714285716,014600,4790342.64054,775.712480351862,0.6328125,mid_density
147.0,3043.6428571428573,014700,3635330.91992,837.2395592558152,0.6875,mid_density
148.0,796.5,014800,2057343.7865,387.1496855443027,0.2682291666666667,low_density
149.0,3453.1428571428573,014900,4878158.85599,707.8783121018428,0.5807291666666666,mid_density
152.0,5878.428571428572,015200,7177709.24381,818.9839364833679,0.6666666666666666,mid_density
153.0,3921.785714285714,015300,5050219.95342,776.5574074907149,0.6354166666666666,mid_density
156.0,1750.4285714285713,015600,4624207.59633,378.5358972243802,0.2552083333333333,low_density
190.0,8046.0,019000,8516294.31877,944.7771177032402,0.7734375,mid_density
191.0,8162.214285714285,019100,15714151.9968,519.4180562448691,0.3645833333333333,low_density
192.0,8889.642857142857,019200,7070677.46952,1257.2547532346061,0.9244791666666666,high_density
197.0,7078.071428571428,019700,4848186.03207,1459.9422096741096,0.9609375,high_density
198.0,6449.714285714285,019800,5824099.03817,1107.41837380239,0.8723958333333334,mid_density
199.0,4549.428571428572,019900,7124982.53717,638.5178556852403,0.4921875,low_density
200.0,1304.357142857143,020000,3408503.21438,382.67739849979955,0.2604166666666667,low_density
202.0,4753.785714285715,020200,8146502.14657,583.5370357432788,0.4296875,low_density
203.0,2894.5714285714284,020300,5469231.50215,529.2464631335405,0.3776041666666667,low_density
204.0,2784.3571428571427,020400,4385036.4098,634.9678503545507,0.4895833333333333,low_density
205.0,2673.0714285714284,020500,15386061.2765,173.73331488378778,0.09375,low_density
206.0,1855.642857142857,020600,14560943.9168,127.43973658204051,0.07552083333333333,low_density
13.0,5984.857142857143,001300,8374814.27097,714.6256560700965,0.5885416666666666,mid_density
14.0,4146.5,001400,3399572.62899,1219.712138120111,0.9166666666666666,high_density
15.0,2924.0,001500,2576673.60477,1134.7964269075528,0.8854166666666666,mid_density
16.0,2190.5,001600,2113797.48621,1036.286595234592,0.8411458333333334,mid_density
17.0,2952.0,001700,2384377.66074,1238.0589067773083,0.921875,high_density
18.0,3090.0,001800,2610295.00299,1183.7742463823113,0.9010416666666666,high_density
19.0,3219.285714285714,001900,3534209.50822,910.8927206488964,0.75,mid_density
20.0,1942.2142857142858,002000,3114739.77347,623.5558752796055,0.4817708333333333,low_density
21.0,2105.5,002100,2556634.09571,823.5437380472249,0.6744791666666666,mid_density
22.0,2210.5,002200,2461664.2443,897.969739422599,0.7369791666666666,mid_density
23.0,2757.4285714285716,002300,2285816.31951,1206.3211500824657,0.9088541666666666,high_density
24.0,4777.357142857143,002400,5762976.14753,828.9739573023757,0.6796875,mid_density
25.0,3904.4285714285716,002500,4291267.5708,909.854374496785,0.7473958333333334,mid_density
29.0,4046.5714285714284,002900,3984921.01845,1015.4709239746509,0.8255208333333334,mid_density
31.0,4199.142857142857,003100,4261719.47752,985.316579210052,0.7942708333333334,mid_density
258.0,1674.5714285714287,025800,6310223.92561,265.3743271732707,0.15104166666666666,low_density
259.0,4540.857142857143,025900,5915394.45374,767.6338709730833,0.6276041666666666,mid_density
260.0,2973.714285714286,026000,5842588.74638,508.97203530828085,0.3541666666666667,low_density
261.0,3194.4285714285716,026100,6989072.08177,457.0604701246084,0.3203125,low_density
262.0,4168.214285714285,026200,5983930.22781,696.5679957869042,0.5625,mid_density
348.01,4382.714285714285,034801,14966976.5937,292.82562568842974,0.16927083333333334,low_density
263.02,5202.5,026302,7582372.5935,686.1308826289875,0.5546875,mid_density
264.0,5566.142857142857,026400,8577749.33333,648.9048165017902,0.515625,mid_density
265.0,4962.285714285715,026500,5873764.1678,844.8220889577055,0.6953125,mid_density
266.0,6519.0,026600,9810093.69158,664.5196473093072,0.5286458333333334,mid_density
267.0,6823.5,026700,6930542.37944,984.5549780118869,0.7916666666666666,mid_density
268.0,4609.285714285715,026800,8372047.1355,550.556589049882,0.3984375,low_density
299.0,4311.214285714285,029900,6366781.50164,677.1418627455288,0.5442708333333334,mid_density
300.0,7323.142857142857,030000,9804098.41092,746.9470980611735,0.6171875,mid_density
301.0,5552.071428571428,030100,7804902.08258,711.3569612824825,0.5833333333333334,mid_density
302.0,7980.0,030200,9705454.2713,822.218082423783,0.671875,mid_density
306.0,7346.785714285715,030600,10867753.9658,676.0169338950343,0.5416666666666666,mid_density
307.0,4045.4285714285716,030700,7076488.58899,571.6717437688909,0.421875,low_density
308.0,5207.642857142857,030800,8564915.46871,608.0203448788039,0.4583333333333333,low_density
309.0,4440.0,030900,6941459.17174,639.6349658118114,0.4973958333333333,low_density
310.0,7638.357142857143,031000,11445952.1783,667.3413468683235,0.53125,mid_density
312.0,4957.428571428572,031200,4626629.77765,1071.4988684369282,0.8619791666666666,mid_density
313.0,7198.285714285715,031300,7654590.5986,940.3880745238365,0.7682291666666666,mid_density
316.0,6198.0,031600,7685200.23384,806.4851677785234,0.6536458333333334,mid_density
317.0,5845.071428571428,031700,9489524.47089,615.9498767827333,0.4713541666666667,low_density
363.03,6450.857142857143,036303,27118140.7817,237.87977187618787,0.125,low_density
347.01,6698.214285714285,034701,12165507.089,550.5906360262436,0.4010416666666667,low_density
348.02,5556.785714285715,034802,13348137.9252,416.29669587059317,0.296875,low_density
349.0,5678.142857142857,034900,20923640.6093,271.37451666126753,0.15364583333333334,low_density
351.0,3861.6428571428573,035100,15729968.8795,245.49589937050183,0.1328125,low_density
352.0,4496.642857142857,035200,20045349.3496,224.32349662354906,0.109375,low_density
353.01,5549.571428571428,035301,15197586.6149,365.16136207643154,0.23177083333333334,low_density
263.01,3888.0714285714284,026301,4377130.89141,888.2693995287331,0.7265625,mid_density
8.04,4099.769230769231,000804,1565712.39673,2618.468908678008,1.0,high_density
12.02,5079.0,001202,3321522.86733,1529.1178784154345,0.96875,high_density
12.01,3934.076923076923,001201,3753325.87661,1048.1575680900314,0.8463541666666666,mid_density
8.03,3294.769230769231,000803,1644990.70784,2002.910542330976,0.9947916666666666,high_density
9809.0,1.6153846153846152,980900,221323313.824,0.0072987548734662275,0.018229166666666668,low_density
27.02,4023.076923076923,002702,3957352.34244,1016.6082205852813,0.8307291666666666,mid_density
30.02,3016.3076923076924,003002,2442816.3247,1234.766470900395,0.9192708333333334,high_density
30.01,4173.076923076923,003001,2438714.96536,1711.1786257730612,0.984375,high_density
28.02,5439.769230769231,002802,3903930.8016,1393.4082101403485,0.9479166666666666,high_density
9807.0,0.0,980700,80872679.8123,0.0,0.009114583333333334,low_density
27.01,4076.5384615384614,002701,2420220.83566,1684.3663195828904,0.9817708333333334,high_density
9806.0,7.0769230769230775,980600,13850384.0485,0.5109550068894668,0.020833333333333332,low_density
337.01,5810.615384615385,033701,10427966.829,557.2146018393693,0.4166666666666667,low_density
337.02,5106.615384615385,033702,11371657.3539,449.06518246999684,0.3125,low_density
315.02,3975.0,031502,6221114.64946,638.9530211189782,0.4947916666666667,low_density
314.01,7119.846153846154,031401,6402813.60258,1111.9871037597015,0.8776041666666666,mid_density
314.02,5789.0,031402,6073490.07121,953.1587163435797,0.7786458333333334,mid_density
167.01,2822.4615384615386,016701,2734505.19703,1032.1653590298786,0.8359375,mid_density
167.02,2835.846153846154,016702,3822363.41747,741.9090871592696,0.6067708333333334,mid_density
279.01,4309.153846153846,027901,4475569.55559,962.8168644528604,0.78125,mid_density
279.02,4386.846153846154,027902,9560528.91996,458.8497342116202,0.3229166666666667,low_density
81.01,2750.076923076923,008101,2623528.34626,1048.2360242066093,0.8489583333333334,mid_density
71.02,4698.230769230769,007102,4475107.56109,1049.858736375584,0.8515625,mid_density
88.02,6583.076923076923,008802,4241593.69873,1552.0291170387204,0.9713541666666666,high_density
87.02,3074.846153846154,008702,3052141.0838,1007.4390630782655,0.8125,mid_density
87.01,4496.923076923077,008701,2793546.24202,1609.7543005664993,0.9765625,high_density
81.02,5394.461538461538,008102,3901745.07262,1382.576626114424,0.9401041666666666,high_density
86.02,2875.846153846154,008602,3973595.26558,723.7390729642882,0.59375,mid_density
375.0,4039.076923076923,037500,11023730.3629,366.398377873093,0.23958333333333334,low_density
9808.0,0.0,980800,23367258.6611,0.0,0.009114583333333334,low_density
180.02,5688.0,018002,4733735.5401,1201.5880379916284,0.90625,high_density
88.01,2001.3846153846155,008801,1988869.2662,1006.292695752963,0.8098958333333334,mid_density
122.01,2962.846153846154,012201,3880478.72315,763.5259371918543,0.625,mid_density
98.01,2323.6923076923076,009801,3235162.11653,718.2614731482682,0.5911458333333334,mid_density
71.01,2716.4615384615386,007101,2725929.53716,996.5266898614242,0.8046875,mid_density
28.01,4490.692307692308,002801,2399887.0529,1871.2098564246176,0.9921875,high_density
9805.0,0.0,980500,4472441.39019,0.0,0.009114583333333334,low_density
8.01,1578.4615384615386,000801,1236167.55109,1276.8993467509467,0.9270833333333334,high_density
11.01,3497.5384615384614,001101,1872867.63651,1867.4776547775464,0.9895833333333334,high_density
274.02,7169.692307692308,027402,5503656.50541,1302.7143501133517,0.9322916666666666,high_density
86.01,3067.3846153846157,008601,2717461.0013,1128.7685872648096,0.8802083333333334,mid_density
365.02,4117.076923076923,036502,18253775.761,225.54659249585174,0.11197916666666667,low_density
367.0,2931.0,036700,8623965.99768,339.86683166289055,0.21875,low_density
376.0,2823.3846153846157,037600,7721197.45553,365.66667691712496,0.234375,low_density
386.0,1393.4615384615386,038600,36099490.0421,38.60058789851197,0.0390625,low_density
385.0,1849.3846153846155,038500,14651019.2467,126.2290755505745,0.07291666666666667,low_density
387.0,2540.6153846153843,038700,22348859.4553,113.67986763247916,0.06510416666666667,low_density
388.0,3670.769230769231,038800,15025845.3807,244.2970187543766,0.13020833333333334,low_density
389.0,3267.6923076923076,038900,13783165.5013,237.07850764645505,0.12239583333333333,low_density
9800.0,825.7692307692307,980000,112397037.043,7.346895011594605,0.026041666666666668,low_density
269.0,2178.9285714285716,026900,6667389.06073,326.80387353756805,0.20052083333333334,low_density
270.0,2649.214285714286,027000,6912411.49469,383.25471331522556,0.2630208333333333,low_density
271.0,2812.4285714285716,027100,4457788.7282,630.9021676234073,0.4869791666666667,low_density
272.0,4740.285714285715,027200,7314678.71096,648.0511177043327,0.5130208333333334,mid_density
273.0,6546.571428571428,027300,10227796.5213,640.0764245688503,0.5,mid_density
275.0,4875.285714285715,027500,6555307.43713,743.7157999137535,0.6119791666666666,mid_density
276.0,3897.8571428571427,027600,7110976.16551,548.1465627409522,0.3932291666666667,low_density
277.0,4743.071428571428,027700,5837678.81815,812.4927006646351,0.65625,mid_density
278.0,4611.642857142857,027800,7800725.91076,591.1812451687024,0.4479166666666667,low_density
280.0,4291.5,028000,7731604.30656,555.0594456002889,0.4088541666666667,low_density
281.0,4128.428571428572,028100,5420018.22195,761.7001276322751,0.6223958333333334,mid_density
282.0,5076.5,028200,9236687.67325,549.601781459153,0.3958333333333333,low_density
318.0,3976.0714285714284,031800,4996256.5214,795.8101053340821,0.6458333333333334,mid_density
319.0,5028.571428571428,031900,8323171.48352,604.1653038782239,0.453125,low_density
320.0,7134.928571428572,032000,7335553.13268,972.6503840102197,0.7864583333333334,mid_density
321.0,4134.642857142857,032100,5947792.70715,695.1558436413718,0.5572916666666666,mid_density
323.0,3361.4285714285716,032300,6455130.03772,520.7375454539803,0.3697916666666667,low_density
325.0,5908.571428571428,032500,9034155.38818,654.0258800841542,0.5182291666666666,mid_density
326.0,7084.857142857143,032600,8717250.17258,812.7399125405935,0.6588541666666666,mid_density
9891.0,3372.5384615384614,989100,44217922.6412,76.2708481107184,0.049479166666666664,low_density
329.0,3727.0714285714284,032900,10180836.0889,366.0869692848698,0.23697916666666666,low_density
330.0,7990.785714285715,033000,7875460.86694,1014.643568077372,0.8229166666666666,mid_density
332.0,2805.9285714285716,033200,9127276.34858,307.422331073071,0.18489583333333334,low_density
9803.0,0.0,980300,82003146.8445,0.0,0.009114583333333334,low_density
355.0,7526.357142857143,035500,24658230.2303,305.2269798993427,0.1796875,low_density
358.0,6626.142857142857,035800,18940107.1193,349.84716904746574,0.22135416666666666,low_density
359.0,5300.642857142857,035900,24191267.7596,219.11389307157594,0.10677083333333333,low_density
360.0,3258.6428571428573,036000,21994776.3828,148.1553074434132,0.08333333333333333,low_density
361.0,4081.6428571428573,036100,13251884.9297,308.00470112709155,0.1875,low_density
362.03,5029.928571428572,036203,16540927.314,304.0898781515903,0.17708333333333334,low_density
353.02,4545.785714285715,035302,16320130.8592,278.53855790152323,0.15885416666666666,low_density
362.01,4991.285714285715,036201,11270239.8907,442.87306771566017,0.3098958333333333,low_density
363.02,3555.1428571428573,036302,5489889.63744,647.5800229020018,0.5104166666666666,mid_density
369.0,5652.0,036900,21981619.4556,257.1239126132768,0.1484375,low_density
373.0,5388.230769230769,037300,29443166.8502,183.00445725301344,0.09635416666666667,low_density
372.0,4434.230769230769,037200,11070039.3312,400.5614286060621,0.2760416666666667,low_density
383.0,3488.5384615384614,038300,32983932.1473,105.76478407605583,0.0625,low_density
390.0,8418.076923076924,039000,21883020.6419,384.68532570675404,0.265625,low_density
378.0,2284.230769230769,037800,60392490.9445,37.8230924657496,0.036458333333333336,low_density
377.0,5337.538461538462,037700,7931528.26769,672.9520820447106,0.5364583333333334,mid_density
93.0,4307.571428571428,009300,4322326.42773,996.5863292823258,0.8072916666666666,mid_density
67.0,6945.785714285715,006700,10789386.326,643.7609614133411,0.5052083333333334,mid_density
69.0,2923.5714285714284,006900,8739751.12579,334.51426550858014,0.21614583333333334,low_density
70.0,3953.5,007000,5054907.28973,782.1112778927286,0.6380208333333334,mid_density
72.0,4638.571428571428,007200,5409892.45933,857.4239623879515,0.7005208333333334,mid_density
73.0,2907.5714285714284,007300,4167411.76451,697.6923790762725,0.5677083333333334,mid_density
74.0,4527.714285714285,007400,7271548.65445,622.6616228364835,0.4791666666666667,low_density
77.0,2127.8571428571427,007700,3466166.28063,613.893555755897,0.46875,low_density
78.0,4149.5,007800,4600586.17833,901.9502818021892,0.7395833333333334,mid_density
115.0,4569.785714285715,011500,3988223.04339,1145.8199966673342,0.890625,mid_density
117.0,2136.5,011700,7054757.45532,302.8452804410537,0.17447916666666666,low_density
118.0,6021.642857142857,011800,9850609.66313,611.2964641854968,0.4635416666666667,low_density
119.0,5173.642857142857,011900,7438690.59846,695.5045096530744,0.5598958333333334,mid_density
120.0,1875.357142857143,012000,6463440.09842,290.14845257335605,0.16666666666666666,low_density
121.0,3077.4285714285716,012100,9480608.69018,324.6024250126648,0.19791666666666666,low_density
125.0,4878.714285714285,012500,9807940.16689,497.42496413100326,0.3411458333333333,low_density
131.0,1608.642857142857,013100,3468298.65359,463.8132461510394,0.3255208333333333,low_density
132.0,2708.3571428571427,013200,4592516.45861,589.7327025969703,0.4401041666666667,low_density
133.0,3164.214285714286,013300,3852677.6736,821.3026247683981,0.6692708333333334,mid_density
135.0,3678.0714285714284,013500,4358444.30215,843.8954759057156,0.6927083333333334,mid_density
137.0,4816.928571428572,013700,6347367.52916,758.886034139264,0.6197916666666666,mid_density
170.0,2998.5714285714284,017000,17434330.9183,171.99234330374952,0.09114583333333333,low_density
171.0,3980.6428571428573,017100,12276800.693,324.2410589440085,0.1953125,low_density
173.0,2880.285714285714,017300,9414354.30747,305.9461775302313,0.18229166666666666,low_density
174.0,2255.4285714285716,017400,3810202.69763,591.9445106769465,0.4505208333333333,low_density
175.0,7000.785714285715,017500,7815823.23707,895.7195553094639,0.734375,mid_density
178.0,6246.5,017800,7134748.51976,875.5038783357317,0.71875,mid_density
179.0,6356.0,017900,7685648.46278,826.9959302433346,0.6770833333333334,mid_density
183.0,4097.928571428572,018300,20914593.4749,195.93632438261702,0.1015625,low_density
184.0,2280.3571428571427,018400,24099629.7236,94.62208212369592,0.057291666666666664,low_density
188.0,8645.0,018800,7140325.29629,1210.72915326306,0.9114583333333334,high_density
217.0,5960.285714285715,021700,16785447.4031,355.08649672244945,0.22395833333333334,low_density
218.0,4574.357142857143,021800,11008763.4191,415.51961548385344,0.2916666666666667,low_density
219.0,1436.5,021900,15763780.6359,91.12661696957102,0.052083333333333336,low_density
220.0,1632.2142857142858,022000,32709518.507,49.9002846943462,0.041666666666666664,low_density
9801.0,56.61538461538462,980100,63442088.244,0.8923947206409775,0.0234375,low_density
231.0,1261.642857142857,023100,7864272.22385,160.42715984788387,0.08854166666666667,low_density
235.0,1246.2857142857142,023500,8595307.9308,144.99605183658815,0.08072916666666667,low_density
236.0,2674.8571428571427,023600,10527693.5971,254.0781718413584,0.14583333333333334,low_density
237.0,4776.785714285715,023700,11548760.8395,413.6188964921473,0.2890625,low_density
238.0,4517.285714285715,023800,8413326.8348,536.9202698272567,0.3880208333333333,low_density
239.0,1501.5,023900,5260647.69928,285.4211279355398,0.16145833333333334,low_density
240.0,3695.1428571428573,024000,6641975.91996,556.3318659494795,0.4114583333333333,low_density
257.0,3618.5714285714284,025700,8033515.66968,450.4343524502725,0.3151041666666667,low_density
