lat,lng,tract
40.02911329005772,-75.09983996116725,039002
39.94111900835085,-75.14594302033096,001600
39.96260693743898,-75.13564774222651,014202
39.93731456035286,-75.15801600654318,002400
39.93465634871953,-75.154656119144,002400
39.98267804289532,-75.10251161713768,018002
39.96696698585272,-75.17295220106219,013401
39.935358430149925,-75.15882568376094,002400
40.08456761680216,-75.0467466028188,034400
39.92614651778312,-75.22515360786228,006700
39.93893690498199,-75.15644672258972,001800
39.941590630747655,-75.15033808372905,001600
39.98894224390556,-75.1391042580114,016400
40.04251597740068,-75.12712810500648,027402
40.07520933473919,-75.20456972882094,038700
40.07700924275088,-75.20747609242555,038700
40.07692158824568,-75.2073936651134,038700
39.94820653412067,-75.172851007897,000803
39.9423141520476,-75.15356274946173,001001
39.94877943628584,-75.19384689692583,036901
40.03354402973928,-75.08504687862087,031102
40.02933702636111,-75.15002358023723,028100
40.07707627334285,-75.20886061109648,038500
39.950510760755,-75.16917925243959,000701
39.98104923575212,-75.18836579323515,013701
40.07919383672196,-75.17343758903466,025900
39.98308755982245,-75.12303617266083,016002
40.10266010095442,-75.03087650503414,035601
39.9512235694332,-75.15654589721719,000500
40.03691794895173,-75.17448182920899,024600
39.95921660204122,-75.14588157387979,036700
39.94260994340053,-75.15813166035736,001500
39.94145175699564,-75.15033301931471,001600
39.9662374363104,-75.13812577637663,014202
40.0259481681378,-75.22436066759954,021400
39.96013663190293,-75.24048295148111,008302
40.04189193402004,-75.01313617678629,034900
39.99290520611872,-75.13980481508356,017601
39.97868137018048,-75.12998468021993,016002
40.0138221741452,-75.08599789190653,029400
39.9687680754664,-75.1781571712808,013601
39.96950196784194,-75.13321477401503,015800
39.94798949976112,-75.16518508860518,000806
39.94102613745813,-75.1474022262969,001600
39.96425841560784,-75.16057784265426,013200
39.92022371779724,-75.17024591015056,004002
40.01078835358104,-75.18759118425562,020701
40.04400919864551,-75.10225847843961,030502
39.95702876287576,-75.20303013476125,008802
40.02106241424634,-75.0865814865946,030100
39.95261233189738,-75.16223991680323,000500
39.95584348812731,-75.17070344958451,000300
40.06212153146373,-75.1401917855337,026800
40.06620624171588,-75.15937143970378,026302
40.004458056875805,-75.17293727617462,017100
40.101499588438,-75.02870445820285,035601
40.03654480895148,-75.1301385000254,027401
39.99056954892543,-75.16419052898242,016800
39.96015311126884,-75.22427793160762,009300
40.03112506122472,-75.03640975300512,032600
39.99142742636084,-75.14856918231746,016500
40.00855645716333,-75.14734760422859,019900
39.98965767721664,-75.12126530219875,017800
39.94547387916892,-75.21783028773329,007800
39.96202273291237,-75.17223598788242,012502
39.94831973107984,-75.23526881761029,008101
39.96986653988032,-75.16029079991583,013300
40.11072560605202,-75.00142895166631,036000
40.036775116137264,-75.12988041413075,027401
40.05725723098631,-75.14894616386668,026700
40.0414612301205,-75.22628095347031,021500
40.02848484152064,-75.10990307098814,029100
39.95061821469499,-75.15573799868724,000500
40.00716630118362,-75.1366060939822,038301
40.01661448681951,-75.06186324286801,032100
40.02083972411737,-75.07467028099849,030000
39.94839952448445,-75.14314052260592,000101
39.94972017601653,-75.16900728595732,000805
40.0493577586093,-75.09550022204598,030600
40.04197568951778,-75.0275854567796,033102
39.96065052505649,-75.18916257111265,009000
40.04050745341959,-75.10403856604815,030501
39.93048297139463,-75.16964622033693,003001
40.067813060882806,-75.17929445490347,026100
39.96139951761749,-75.22166224757838,009300
39.941929810471,-75.15313658313602,001500
39.95400077570204,-75.15718416550222,000200
40.03170430797741,-75.16702202887993,024500
40.00030708868125,-75.15622455816204,020101
40.051986498175886,-75.01004707502842,034801
39.99364667194213,-75.0952607737023,037900
40.04369604575096,-75.12714354829612,027401
39.91984832324136,-75.17211815547427,003902
40.12438546325131,-75.01453710921191,036501
39.92186960819991,-75.18787520910334,003800
39.94777379333079,-75.16207956829429,000901
40.03086746534928,-75.22542233549866,021400
39.92313482147679,-75.16280562950482,004101
39.98218491872112,-75.15657732019544,037700
39.91991961708428,-75.23398114045789,006200
39.98233218076896,-75.10962674853096,018001
39.94767905466131,-75.23326612935291,008101
40.03221555867376,-75.06474064770937,031700
39.93796609425016,-75.23082583387469,007102
39.96896428345869,-75.22901402918359,010200
40.01974760439522,-75.1742806551727,024300
39.91712035691303,-75.23668352372681,006200
39.99917289608635,-75.17148324420361,017202
39.92871360104839,-75.17330948247583,003001
39.96192278606794,-75.15499749236345,037600
40.01020033556716,-75.16677838883484,020500
39.92607650688824,-75.2276394424748,006700
39.97130616385076,-75.22891970585384,011200
39.93737587276514,-75.14997324052862,001700
40.00814347602967,-75.1730906363426,017000
39.93964228579605,-75.15788554378368,001800
39.99422466542956,-75.14733128494312,017500
40.0795368718648,-75.17399539238146,025900
39.95867422995296,-75.2467784584573,008301
40.07998127930394,-75.02555194962382,980300
39.99119587028958,-75.14468664343866,016400
40.04606938275165,-75.15557761665214,027901
39.99278099077178,-75.14758307884722,016400
39.99282409970666,-75.1834493788859,016902
39.94968374269048,-75.16374166812716,000600
39.95498972011836,-75.20269814740793,008802
39.94966367354571,-75.1524971905522,000500
39.9424112667846,-75.15089862681286,001001
40.05467327522664,-75.12565309938125,027100
39.88816584765669,-75.24644893619846,980901
39.99024881454788,-75.14743169351215,016400
39.95668552770172,-75.160751946955,000200
39.948202644588,-75.16258795939397,000901
40.01539979135372,-75.1366549305986,019700
40.00418877366173,-75.1707577539886,017100
39.94976985217368,-75.14452893410002,000101
39.95524881595978,-75.15625057273381,000200
40.02485850056286,-75.22151374861407,021000
39.9217134045492,-75.1601620744747,004101
40.05155326453095,-75.18549520963148,023700
39.97757965091266,-75.25070711879594,011500
40.13128400990196,-75.01308639734395,036501
39.9353569862817,-75.15844743772817,002400
40.02581895626744,-75.22304400534016,021400
39.94944931960237,-75.16733033007368,000806
40.05719818814465,-75.01360114928839,034802
40.04434245246768,-75.23012538705846,021600
40.02760687153796,-75.11777662623427,029000
39.95638960993647,-75.17314879526675,000300
40.05926037877492,-75.18990534153559,025500
40.05526890881721,-75.06275104923058,033500
40.00619163402536,-75.07764912734925,038000
39.90242978736036,-75.24163470046237,005600
40.04288234092383,-75.07456654528643,031101
40.05911975838018,-75.19043776236106,038800
40.06047197766839,-75.19040789738577,025500
39.97074346515016,-75.14875776709248,014100
39.94960181223559,-75.16115672459135,000600
39.91536026020096,-75.15859445143136,004104
40.0450933416202,-75.16573076929004,024800
39.95589910183375,-75.24173678906716,008302
39.9507527764596,-75.16814015016914,000701
40.05132818259352,-75.15074404854981,027700
39.94968619781572,-75.14599297174325,000101
39.929740819405474,-75.18381759082929,003701
39.97036054777168,-75.23764509389845,010100
39.94193393413424,-75.1493293179476,001002
39.96759108732597,-75.20332868802204,010700
39.98119660041147,-75.17878701458274,014900
40.06854500504399,-75.18051118066552,026100
40.00561207963059,-75.13694353759713,038301
40.02718267892264,-75.07918705302242,030200
39.9265591598983,-75.17763320663279,003701
39.94838050911453,-75.17448700537973,000803
39.95141947128548,-75.24322397699856,008200
40.02909397241024,-75.03663805752721,032600
40.01782757303637,-75.13349457838164,038301
40.0512808085322,-75.19034028613308,023700
39.94182970662074,-75.16189826056616,001500
39.94479114336536,-75.18003292346849,001302
39.98116861144764,-75.17857263505151,014900
40.00796301221183,-75.17372259546995,017000
40.02448765604736,-75.04660728418212,032500
39.97891822057253,-75.24254117441791,011400
39.95230708023332,-75.17316588864634,000404
40.04531719318064,-75.2326629145943,021600
39.97441271213407,-75.18370745633918,013702
40.03330826117869,-75.12367427386951,027300
40.02540379961695,-75.13070405118759,028600
39.92166587696151,-75.23048016647081,006200
39.93424613909416,-75.18899623555754,003200
40.05602330530973,-75.04637748249937,033300
39.93701304925344,-75.19069364951912,003300
40.02625258499379,-75.22408406274724,021400
40.02598208783184,-75.22522388945028,021400
39.99286420441072,-75.15952976575474,016702
40.007485546948345,-75.099509247632,019000
40.01969618925303,-75.13389279406965,028700
40.00641504616223,-75.14098800355528,019900
39.9573827078089,-75.18248115740076,980003
39.95458245765104,-75.18480013185639,036902
40.05869193593773,-75.05952034169879,033600
40.10581631601524,-75.0329672828417,035701
39.99262404683135,-75.12073746896674,017702
40.0476938892964,-75.15589526813127,027901
39.95695532562458,-75.19701800860072,009100
40.13262448138243,-75.01190797133702,036501
39.97418563380761,-75.18254915545042,013702
39.92633286315503,-75.16644019909623,004001
39.95116732278005,-75.16349321804971,000500
40.01775857075668,-75.06173563571866,032100
39.94820418718356,-75.15930818124562,000902
40.04337915584596,-75.14465157911222,027800
39.91844066853309,-75.17063140704069,004002
39.9944818599548,-75.13946866232284,017601
39.94803334795253,-75.14315713211172,001002
40.04700388936445,-75.09692547545532,030600
39.93572674737944,-75.22305188817862,007000
39.97009170147776,-75.14600028541487,014201
40.04580687657055,-75.15052329737502,027901
40.007490168959,-75.14884597080415,020300
39.98838337310823,-75.10953926711808,017900
39.97271484313698,-75.22582508382831,011100
39.9670603349192,-75.24623232729681,009600
39.9143521302282,-75.17811330062239,003800
39.96305734125973,-75.16415893778712,013300
39.99623212066204,-75.09050764188925,037900
39.94188254370688,-75.15260293038065,001500
39.984403871669,-75.1597448634611,015300
40.02404182790234,-75.10883489880139,029200
39.99708437399652,-75.11190354978946,018801
39.94347469151956,-75.21040978615939,007400
39.92629065049581,-75.16735776136846,004001
40.00883332204976,-75.15167781415596,020102
39.97360042147125,-75.2039429593861,011000
39.91396115540152,-75.15293664595647,037200
40.03539375484917,-75.049158634643,031501
40.01218378546449,-75.13881221311033,019800
39.93516619003992,-75.15321189065384,002500
39.98077622752917,-75.13479619389702,015700
40.00071318453045,-75.13267985406934,019501
40.02006341224395,-75.11403430879783,028901
39.96211306089384,-75.22809477646044,009300
39.89122901883259,-75.17241145967175,989200
39.98343914971103,-75.2446456639303,011400
39.98241830146392,-75.18805433472376,014900
40.03432793371166,-75.21655063749978,021300
40.02592245149408,-75.22430067208892,021400
40.02750302114276,-75.22608173105594,021400
39.97722293083847,-75.2662821324851,009801
39.95405725281751,-75.15756484112536,000200
40.04807828017236,-75.1446665376705,027800
39.93791903004245,-75.16100090439885,002400
39.99109071983733,-75.14635098963691,016400
39.992183127218944,-75.1010049488109,038200
39.950637917086695,-75.22713607623892,008000
40.00720056051176,-75.14989725271813,020300
39.95508030525743,-75.22621808154429,008500
39.98661690229686,-75.16016103211557,015300
40.006638017013,-75.10734291159363,019100
39.94898920302448,-75.15706801343744,000600
39.92064971468783,-75.16651617148477,004002
39.95510063463514,-75.2085582891759,008702
39.95335621845872,-75.24281501813297,008302
40.0577617758108,-75.01556828620313,034801
39.9339108583661,-75.18041342216966,003100
39.99699765617844,-75.11916289933018,017701
39.976189620119605,-75.23972345602458,011400
39.95962946258236,-75.24148743235106,008302
39.99093014499741,-75.22709188131113,011900
40.05096120441578,-75.1496085716182,027700
40.05211219381008,-75.17341731862969,038900
40.04491896451265,-75.08798239070117,030900
40.029782624349096,-75.08175505307614,030200
39.94926490243248,-75.16178005634775,000600
39.96189112712696,-75.15407514230122,037600
40.04281935037624,-75.1288207197475,027401
39.95337802585559,-75.16589367055539,000403
40.00740227755711,-75.18568192506658,017000
39.94153326227367,-75.15103342870361,001600
39.95841709164775,-75.23570132550789,008400
39.92546149735245,-75.17083427246627,003901
39.93489377341489,-75.1988758707261,003300
39.93901184475354,-75.17035045227354,001900
39.94028979919624,-75.15092531392588,001600
39.935912651152265,-75.16913135491181,002200
39.97134384532336,-75.21019275901746,010700
40.04030298056556,-75.16039986899021,024700
39.95730410247474,-75.22373126934889,008500
39.97472733318013,-75.18269773384402,013702
39.92140529670012,-75.15832733939408,004101
39.95064783504042,-75.23920745356521,008200
39.94225279186931,-75.15539682332405,001500
40.0575829159266,-75.19091069751586,038800
40.0739556397004,-75.16682320733851,026000
40.02706704223299,-75.22658601402783,021400
39.92676415755543,-75.15375692261163,002701
40.01468471658341,-75.08639699792167,029300
40.05149721464208,-75.23654407844023,021900
39.97544385885279,-75.16863413987056,013900
39.92419860671068,-75.24043087777605,006400
39.98904411613873,-75.24982866151502,037500
39.99114576729789,-75.14870076237497,016500
39.95961914603805,-75.22381413441587,008500
39.92287447515006,-75.1931782276592,003600
40.033826555096304,-75.07212554455649,031800
40.06006822574278,-75.1498947864378,026600
39.92338965701372,-75.16106351677213,004101
40.03075115919216,-75.0832241786437,030200
40.03473653983135,-75.0439564435185,032600
39.95696952081492,-75.22738270220174,008500
39.97708775598984,-75.26604240061666,009801
40.03626830105072,-75.17460930716837,024600
39.98253279007584,-75.17675366577514,014900
39.99322902724453,-75.14018482012193,017500
39.93500110801372,-75.18460569931852,003200
39.98390714538907,-75.11989434367298,016002
40.03818695288837,-75.12979241485219,027401
39.93131138380638,-75.18519067618622,003200
39.99228216702886,-75.13082857492645,017601
39.9491585555666,-75.21420935432091,007900
39.92613345944471,-75.23399265621752,006600
40.021521255194486,-75.05105188107468,032300
39.93725149425104,-75.1771139900975,002100
39.97947947519036,-75.16228780887492,014700
39.95089133488992,-75.16636570778283,000701
39.95026886309845,-75.1510387025078,000101
39.98511887101318,-75.13194947708895,016100
39.92874412800754,-75.22934590932773,006600
40.04184051238634,-75.02908875671584,033102
39.94081965821783,-75.21223202691921,007400
39.94864376619656,-75.23871188365311,008101
39.94727397049223,-75.23953623993617,008101
40.01726989364076,-75.13889376484357,019700
39.94837332992952,-75.21742133870963,007800
39.98097928250196,-75.17415679031109,014900
39.94373801308269,-75.16764295036889,001400
40.01089484044586,-75.13877657815243,019800
39.96119463047943,-75.14154226095198,036700
39.95567031120997,-75.19782242101512,008801
40.00351897038141,-75.14999776934351,020000
39.93229166809616,-75.171197064474,003002
39.99048098634464,-75.10419333973395,038200
39.98140925903432,-75.17379555581276,014900
39.9631072670897,-75.20271535330471,010600
39.95372709487593,-75.22594918839148,008500
39.94850568831384,-75.1434752019242,000101
39.94969143256967,-75.143634316037,000101
39.9520897319296,-75.17198996488747,000404
39.944057070261,-75.1675912644695,001204
39.96446083633008,-75.23445083874059,009400
39.949126746792,-75.14360922688181,000101
39.94372324136226,-75.16737992950982,001400
39.91899912894012,-75.15892335176665,004103
40.04021726665528,-75.06628955289408,031300
40.07372054980648,-75.16715176185924,026000
39.97157808016623,-75.22616057956279,011100
39.98279316119928,-75.17673045536095,015102
40.031904883368426,-75.12287287789442,028600
39.95536843130228,-75.23419432323108,008400
39.98188696467592,-75.17396560849798,014900
39.961654068564286,-75.2403360441253,008302
39.92079131149799,-75.14688426145409,980702
39.96273075294128,-75.24503476541818,009600
40.02116281273332,-75.12498806378778,028800
39.99055156667514,-75.11510005127025,017800
39.92429139265287,-75.23654990895406,006300
40.03458589759218,-75.21588699838853,021200
40.02766342429079,-75.09657499065023,039002
39.93379139225558,-75.1637129964111,002300
39.97295585988008,-75.12810720416739,015800
40.02587966107367,-75.22411029030519,021400
39.93485985593348,-75.18166412826528,003200
39.94718170306,-75.15746518640114,000902
40.00400718332822,-75.16956800869085,017100
40.02201457682931,-75.13394878647651,028700
40.02114830334376,-75.14823682737196,020400
40.0329915472962,-75.18072643863393,024100
39.91494425603977,-75.15830687501968,037200
39.9611562189867,-75.14865974385434,037600
39.95390740955245,-75.24027713312499,008302
40.03487233017941,-75.21637781334925,021200
39.91114138534,-75.24330494495449,005500
39.94572212634496,-75.21391451381515,007800
40.01124827023384,-75.14283993120353,019800
39.94647692492828,-75.18071335359251,001201
40.02438874069984,-75.04682343333378,032500
39.96290552232856,-75.15610516926914,013200
39.93695778792267,-75.19828205699305,003300
39.94173416334644,-75.14934350183016,001002
39.92730959245311,-75.23240198913602,006600
40.04564637064305,-75.12542386534106,027100
40.03410416299901,-75.02606276704356,032900
40.033253313046615,-75.16468302460241,024500
40.03838464513692,-75.12975767594764,027401
39.91919753455623,-75.16047079942551,004103
39.95522323053248,-75.15605638006015,000200
40.02776652810463,-75.1469077913537,028300
39.95501097133152,-75.15565350861827,000200
40.01534526252336,-75.0729146355558,029900
39.94086823479432,-75.1495154992878,001600
39.943907939646266,-75.22809254038475,007102
40.02657400297311,-75.20954881825841,021000
39.9185161490494,-75.17258726633592,003902
40.04199079898402,-75.04490139994269,033200
39.99353152716285,-75.1862281330113,016902
39.93637644560904,-75.1934234647868,003300
39.93701144501608,-75.18818133736923,002000
39.97809810019301,-75.17016116760188,013900
40.0114752111641,-75.11492039764309,989300
39.95382647203415,-75.23017299509513,008102
39.97033473449071,-75.14418007434666,014400
40.07959616551372,-75.17285909255818,025900
40.0596998482182,-75.18989894547501,025500
40.02967215778119,-75.1650290153652,024200
39.96365122349378,-75.15707405653491,013200
40.01903738956391,-75.05717110284752,032100
40.05264781753269,-75.06800093050164,033500
39.9946768892395,-75.18365263571901,016902
39.96901873131623,-75.1345724195276,014400
39.92640007058144,-75.16527010325439,002802
40.06082739629949,-75.18934921656172,025500
39.9900570900702,-75.1601272338514,016702
39.94289632692495,-75.17888612133068,001302
40.05593601436176,-75.00368281972128,034803
39.9347474534415,-75.17956671473392,003100
39.97959161144848,-75.22028937283801,011100
40.0331967934718,-75.11631049052959,027300
39.95785541963013,-75.24379025812006,008301
39.98683244052884,-75.125806126773,016100
39.98356500558658,-75.12937327023675,016100
39.99486726300624,-75.15038737176732,017400
39.96847879471262,-75.1769877354689,013601
40.03708949850584,-75.08873957362992,039001
39.97641989284928,-75.23392192655022,011200
40.04182652969583,-75.14365822116912,027600
40.05432398454764,-75.15549414336576,026500
40.02931354874708,-75.11956548089672,029000
39.93516661355324,-75.15885564386487,002300
40.03112757543519,-75.13960194015829,028300
39.94863374243816,-75.14420549478403,000101
39.95054874483174,-75.14614625931235,000101
39.916014034668,-75.1636145620328,004104
39.929099386307264,-75.16406645124688,002802
39.95434967379428,-75.22974151592928,008500
39.94881829939074,-75.14565446866506,000101
39.952566051957824,-75.16054569061772,000500
39.92470547033568,-75.22634928291346,006700
39.961975256789536,-75.15595424575245,037600
39.9849835914937,-75.12454596092661,016100
39.99626171209757,-75.23401539174166,012000
39.94977998546116,-75.14445139991861,000101
39.99291260949365,-75.12313056828849,017702
39.94086502380031,-75.15114737607603,001600
39.954262101089576,-75.21159569073497,008701
39.93778399577258,-75.14828416647676,001700
39.936095946977936,-75.15666914080533,002400
39.89090097998972,-75.2336820830459,980901
40.08459519173415,-74.97315379467507,036203
39.98867540756383,-75.0959013629262,037900
39.9881709035602,-75.15894055892832,016702
39.930951877911575,-75.2276311072048,006600
40.06149720305834,-75.05504359075135,033600
39.9745357245771,-75.13294868244611,015800
40.04837262997808,-75.06926947426714,031000
39.92942079958021,-75.16371006040954,002802
39.91383250537093,-75.15359018609541,037200
40.02049813975725,-75.11749717003836,028901
39.95136924339917,-75.20959698825361,008701
39.954569878887895,-75.17051119994514,000404
39.917218370722246,-75.1646179061233,004002
39.955096416928,-75.15620506913854,000200
40.04376947045306,-75.10637151095291,030502
39.96413084853943,-75.1994385225445,010800
39.95579519627193,-75.19466626952823,036902
40.02504989766332,-75.22206506845174,021000
40.03502861634946,-75.13112354289848,027500
40.03263307636711,-75.23236785806934,021500
39.97428986267119,-75.18308404582488,013702
39.9177720778258,-75.15943337215036,004104
40.02227496065301,-75.11825326363937,028901
39.99451453221484,-75.15372704034179,017400
39.96174430846106,-75.21808395701105,010400
40.05683680669242,-75.01403222645106,034801
39.9168636341598,-75.24572261959841,006300
39.99328649962762,-75.09851799563984,038200
39.99344133829696,-75.10980387741668,018801
39.890288352419525,-75.186889004048,989200
40.06949742827162,-75.0809331120106,033900
39.92434085645648,-75.23307750627875,006300
40.04745136030071,-75.15372406478164,027901
39.93185500415997,-75.16847441525206,003002
40.02480176474041,-75.12351618546583,028800
39.98520546838117,-75.10979640171335,018002
40.04723590708903,-75.09734251299021,030600
39.95285126305792,-75.17045512002679,000404
39.93679180666768,-75.15479467339681,002400
39.93234272971421,-75.16112878988093,002900
40.06212517439808,-75.19121105867453,025600
40.02843196440804,-75.1776513819144,024000
39.99555091220429,-75.14370780888048,017500
39.93296600748377,-75.22425190576926,007000
40.03680371454461,-75.13077261802506,027500
40.06745422668941,-75.00510613897674,034803
39.94965546879003,-75.14511389723198,000101
40.04493022426573,-75.16497670030309,024700
39.92844355276311,-75.15555757442417,002801
39.958168848538776,-75.23370690756128,008400
40.01112899880248,-75.14193740424719,019800
39.97553032173998,-75.24201147856819,010100
39.98752534960353,-75.10931949195773,017900
40.0052375007738,-75.15074470305119,020000
39.99575281791263,-75.1396303104325,017500
39.99196297527104,-75.1118883150574,017800
39.95942765780804,-75.20234044104892,009200
39.92719578202168,-75.17871007650166,003701
39.96564245364345,-75.24576111352796,009600
39.93100421015637,-75.14769737194759,002702
40.02785460105565,-75.13978981714578,028400
39.95037877819527,-75.14462894017697,000101
40.03300334273568,-75.08532339174165,039001
40.00632640904029,-75.13983881994407,019900
39.9344038089038,-75.1589821817418,002300
39.97552416503916,-75.24206522778988,010100
40.01677276437559,-75.13455150310578,038301
40.00002644214055,-75.12685262816497,019501
40.00961832101181,-75.1518189264583,020102
39.95152806366946,-75.20334537477578,008802
39.93346956535736,-75.17569453173255,003100
40.02806014762732,-75.03534975400734,032600
39.95271639345045,-75.17635751224078,000401
40.03957105724452,-75.07683094948676,031300
39.93674815410088,-75.16275916300208,002400
40.035145354592046,-75.21781356220788,021300
40.0043761727942,-75.15282836397235,020101
40.02838981932943,-75.14659594448345,028300
39.99480065335487,-75.09641928208191,038200
40.029217042154215,-75.22345713623163,021400
40.0304527628432,-75.11872337657775,029000
39.93388866568804,-75.15173586424997,002500
39.99784130352905,-75.10288764735034,018802
39.95652476396195,-75.21160757135756,008602
40.04764213258003,-75.15070134127274,027800
39.94896503351056,-75.14610450239994,000101
39.93878094392837,-75.22372272294938,007101
39.99771487120616,-75.13136953099769,017602
39.89580528663858,-75.2363853413302,980901
40.023380986124295,-75.14999225661003,028000
39.92008328499973,-75.16749817971257,004002
39.91964918833949,-75.16352329926934,004103
39.97311889485592,-75.13375114183079,015800
39.9652560119336,-75.16039736394835,013200
40.03395577404845,-75.1307184740273,027401
39.95849943643381,-75.19923420530982,009100
39.94445635219872,-75.21271785614113,007400
39.99075379491968,-75.16515910181234,016800
39.94083516806664,-75.22656950674664,007102
39.93846123229324,-75.150099231974,001700
39.97528069438211,-75.14158030576209,015600
39.97808003772053,-75.13395652331714,015700
39.95195987043133,-75.17471055113096,000702
40.00787887246442,-75.1056842780821,019100
39.937588707526,-75.1573836053731,002400
39.954040104829005,-75.15590763193754,000200
39.98184458890864,-75.12693468638146,016100
40.0269462896379,-75.13294561938125,028500
40.03225878346221,-75.06302859284905,031600
39.96966025676929,-75.2133437216485,010500
39.94292777552976,-75.1578993607465,001102
39.917536173962894,-75.15815622297242,004104
40.05355706687576,-75.09206096086503,030700
39.9504308094813,-75.14519811750175,000101
39.98173365720553,-75.17357228955962,014900
39.92527125542351,-75.14587704576458,980702
39.97558300276005,-75.16871718585756,013900
40.04999257027927,-75.06289593608521,033500
39.94978935194096,-75.16075333694887,000600
39.96759855995297,-75.24917896984837,010000
39.99649681347008,-75.10676605491892,018801
40.06605622484397,-74.99533383987004,035301
39.96109475908787,-75.14378000998755,036700
39.937975240460105,-75.17310498460755,002200
39.92457587546453,-75.17267035726007,003901
39.9390192832115,-75.1495312697649,001700
39.94439901335636,-75.17055814490371,001204
39.95059749820837,-75.16965612589989,000701
39.94453141127845,-75.17403930666136,001400
39.99607212199872,-75.1537178618566,017400
40.03258907541927,-75.08451213622457,031102
39.99707077943128,-75.11274586994125,017701
39.97471033012184,-75.18257071093323,013702
39.94801960728678,-75.22085896184055,007800
39.97923459209903,-75.17455525870217,013800
40.03548831848661,-75.12479239935104,027402
39.99951746565792,-75.13906307170619,017500
39.95117166141444,-75.23073900123477,008102
40.04562061488505,-75.17621876226386,025200
40.08766769343018,-74.99471938633808,980300
39.95390926298023,-75.1560309767137,000200
40.00507310221784,-75.11617090173391,989300
39.92557756570167,-75.15896573567383,002801
40.03431961927468,-75.2168072505478,021300
39.99912911633418,-75.16919561797356,017201
40.02477325279518,-75.12333525586521,028800
40.0792670061059,-75.17425230853513,025900
40.05727016744223,-75.06084123900222,033600
40.03763670162439,-75.12944310435914,027401
39.99417328523096,-75.13104148756699,017601
39.9265407616096,-75.16767870628752,002900
39.99855872388213,-75.16709755438708,017201
40.04662535435462,-75.05893126226346,031402
39.99959481865783,-75.1099334205534,019200
40.0559501083513,-75.14136987668155,026800
39.96713838630716,-75.17531392991891,013401
39.96879550585648,-75.18056744526234,013601
40.02077940674505,-75.05376114875182,032300
40.02101255303702,-75.11604827847223,028902
39.99363958809823,-75.14035448020238,017500
40.0272475851278,-75.08476582726837,030200
39.96825016750552,-75.1274151309389,014300
39.93675543720949,-75.21887396693238,007000
39.93663755847568,-75.16211510790818,002400
40.04342492756364,-75.10312407955703,030502
40.05867680283978,-75.07834235894843,033800
40.02460662786389,-75.04190726883633,032500
39.97150728438511,-75.19563451750851,980002
39.9988974357052,-75.0998172225198,018802
39.93781189842556,-75.15787042541264,002400
39.9978076138688,-75.12179420810288,017702
39.95731007496381,-75.24196463597836,008302
39.996660644686,-75.12803419597671,017602
39.92778657428912,-75.23729316691033,006400
39.98975160866439,-75.14768075657332,016500
39.99843833308488,-75.11027341564963,019200
39.95912791692773,-75.23268784062851,008400
40.01815313277872,-75.08279382775012,030000
39.95151977755653,-75.1666513036903,000403
39.93823052366318,-75.19939680353971,980903
39.92746941196797,-75.16380071572131,002802
39.97752131117932,-75.18307995822067,013702
39.95661193383344,-75.22470428367095,008500
39.99442523964101,-75.15666215310918,017300
40.03415711336866,-75.04645135683056,031501
40.05243027498025,-75.23588053821803,021800
39.92526828546095,-75.23520357246537,006300
39.96896038305314,-75.13487113098306,014400
39.92764219218776,-75.16068177071011,002802
39.94841647893463,-75.16211887402274,000901
39.99140630078264,-75.17485012626952,016901
40.00291845257652,-75.16090627982949,020200
39.97378601604655,-75.22011240348749,011100
39.97643503736008,-75.23380171522523,011200
39.93789188437788,-75.15781500571904,002400
39.948645429706055,-75.16513363888507,000806
39.9268347165978,-75.16729437101542,002900
39.92607451944141,-75.23316618073979,006600
40.00258671885796,-75.17238823101994,017100
39.986229682235184,-75.24753849040086,037500
39.96940127015272,-75.16535239884868,013500
39.99144814174517,-75.11275181766636,017800
39.95696435017248,-75.20227384674084,008802
40.04296072020654,-75.14345308201757,027600
39.95950300540056,-75.24151310145795,008302
39.97146877886215,-75.1258728658601,014300
40.0661546621328,-75.14477764744629,026600
40.01715328798095,-75.08403694369127,030000
40.00754119712128,-75.07637253608968,038000
39.97330535571399,-75.20899206792154,011000
40.02780067307884,-75.1762612506507,024000
40.04358607939648,-75.07297561311455,031300
40.01101767930528,-75.19448234474694,020701
39.94169522469527,-75.14782310460946,001002
39.95624852580959,-75.2023848357004,008802
39.93571098286176,-75.17858824095643,002100
39.94413992231072,-75.20971754052728,007400
39.977339645597546,-75.13603818916783,015700
39.92397134943396,-75.15774306879514,004101
40.03852615233488,-75.03684841994252,033101
39.94904729528047,-75.1597393054422,000600
39.96899276401376,-75.13463998563988,014400
39.95360001633158,-75.22597379987563,008500
39.94985894007152,-75.14552573707186,000101
40.05487415541487,-75.06312065478988,033500
39.9340132475353,-75.15586315449058,002400
39.99699787195875,-75.11551221524279,017701
39.96074039451327,-75.22499361025595,009300
40.00502063395868,-75.14226709680196,019900
39.96010216223228,-75.19713498928208,009100
39.95517277145788,-75.15551078487786,000200
39.970431601841725,-75.16016967829698,014000
40.04020746559976,-75.17766508236252,025200
40.01279498048336,-75.161163821073,020500
39.94101268061529,-75.14540268424442,001600
39.97456856348263,-75.18170197214488,013702
40.015485941726745,-75.20778824853339,020900
39.92990268747664,-75.16284641028237,002802
40.02890216816491,-75.16260671204739,024500
40.06122615317732,-75.05613472080113,033600
40.01253729683906,-75.1392111573088,019700
40.08008502833536,-75.17257585611564,025900
39.984228369053376,-75.1641029922973,015300
40.01887080987981,-75.08215857615205,030000
40.04513647550812,-75.16474214088308,024700
39.99909642596205,-75.16709052015797,017201
39.95449509981331,-75.13821750268026,036600
39.95048137426611,-75.14581922954149,000101
39.96605631153948,-75.15335306810441,013100
40.07709608652127,-75.20891249551443,038500
39.96919210548069,-75.15423522890013,014100
39.93800733323789,-75.19604568467201,003300
39.94759313063855,-75.18260404924737,001201
39.96496973602751,-75.16189493436652,013300
39.980850848625735,-75.14015301567822,015600
39.99458067136853,-75.17585655130686,016901
40.0243846586712,-75.06452182478851,031900
39.98047473984602,-75.17324385753808,014900
39.924182008326326,-75.23671573815724,006300
40.01717545584346,-75.07521578583808,030000
39.96307140710065,-75.1642705216303,013300
39.9386851717094,-75.17601482931968,002100
39.92018859340951,-75.1416567064783,980702
40.02042938790783,-75.11685835535003,028901
39.96085330652557,-75.15819584824023,037600
39.95081215524086,-75.16677461860982,000701
39.917800147656784,-75.1813488432065,003800
39.97297941719221,-75.16479313080276,014000
40.01152635478128,-75.07723707513765,029900
39.99991580830002,-75.12871676634751,019501
40.07328946526947,-75.08427861811302,034100
39.96741113827128,-75.13971740008049,014202
39.95858448751331,-75.15612389615178,037600
39.94618488943805,-75.14353479268928,001002
40.06452817818384,-75.02106180521739,034600
39.99786378880579,-75.12919502103175,017602
39.93874357982176,-75.2237703106948,007101
40.0261507226468,-75.10740121346572,029200
39.92341002379965,-75.17338793201601,003901
40.033961524987376,-75.02824407117615,032900
39.92529616301312,-75.17587331777874,003901
39.98635032062885,-75.09431219286039,037800
39.94910440160452,-75.15431500231793,000600
39.99669429678176,-75.10311431054039,018802
39.963030804097365,-75.13521200507147,014202
39.985281634019,-75.12609047927526,016100
39.93867472636222,-75.149609309622,001700
39.965889838119786,-75.18132037758191,980001
40.00027962158895,-75.10606877240244,018802
39.96047982785333,-75.22504786295046,009300
39.99106730307447,-75.14115806598794,016400
39.94879971735261,-75.2134193029268,007800
39.952618667230624,-75.17153152593436,000404
40.02627150487477,-75.04311455701612,032500
39.97237757231115,-75.13919964239612,014400
39.9600107623526,-75.22734658378539,008500
40.05544561997228,-75.0625851530553,033500
39.95834045114346,-75.22617965784137,008500
40.08963573910863,-75.0480120535888,034400
39.93054847667936,-75.17021100299105,003001
40.04382136993368,-75.01793669570766,034900
40.02664711118332,-75.2088808191824,021100
39.97818156999429,-75.13113158185823,015700
39.93758963846461,-75.18001648722031,002100
40.04199380967536,-75.10624523625098,030502
39.89544631423945,-75.17042552166204,989200
39.99508627186351,-75.14708859941497,017500
39.99930278418085,-75.0713732909772,018300
39.96771321054101,-75.13401410512643,014300
39.92924776758871,-75.15821083672292,002801
39.9155461184364,-75.15998794382116,004104
39.94019937272439,-75.16983071387739,001900
40.00784438671325,-75.07332507567243,038000
39.94899588362839,-75.14572733447422,000101
39.97318147623484,-75.25217271920516,010000
40.06094125052531,-75.05163100724094,033400
39.99444820892548,-75.13331785475398,017601
39.974590956615,-75.1402244405973,014400
39.95896814278124,-75.23291564462156,008400
40.07216374451316,-75.0336347412721,034701
39.99838556837668,-75.17501274622319,017202
40.08775094104252,-74.97016102498097,036301
40.02482369136143,-75.14832665286828,028100
39.96273824198767,-75.24509212842526,009600
39.91518473282069,-75.16320002444265,037200
39.9125162676382,-75.16402723178662,037200
39.96196513683656,-75.15557873283227,037600
40.04480876989905,-75.06094939334427,031402
40.03417925243031,-75.16030686594056,024500
39.99689911331389,-75.11467591211634,017701
39.96458825089584,-75.1409165954187,014201
40.04795493484238,-75.0978026574058,030600
40.03452077062524,-75.13062020676337,027401
40.054512423353806,-75.13889476490138,026800
40.03520918718864,-75.13042442289175,027401
39.95075185456263,-75.17335069352944,000701
39.94966614127138,-75.20680948378092,007700
39.92813401376152,-75.16525673111009,002802
39.9177192537759,-75.17078768520706,004002
39.95051952333209,-75.16358372111695,000600
40.05297845482156,-75.08065684327556,030800
39.9519692433492,-75.17478053310191,000702
40.03251170491546,-75.04306231305729,032600
40.00242674860333,-75.08097499690976,038000
40.00058604717911,-75.16623088939829,017300
39.94100578410025,-75.14598778385844,001600
40.02829689949744,-75.12560936618996,028600
40.00164719603018,-75.13993068317151,017500
39.94944377935981,-75.15449450294366,000600
39.92437703697152,-75.14982567594953,002702
40.04188297685898,-75.12905417480968,027401
39.960692825486845,-75.22874528450481,009400
40.02811389280598,-75.05984471275579,031600
40.05408724791427,-75.18583926194196,025300
39.9761154979044,-75.22846397348013,011100
39.9762604295185,-75.1155017778287,037800
40.02462578851,-75.16584082255456,024400
39.962740365142665,-75.23485034421165,009400
40.02209804678196,-75.13336924009818,028700
40.02859007200369,-75.14176881411282,028300
39.98376134242256,-75.15718635101197,015300
40.01765917392609,-75.1551675260389,020500
39.99577557988896,-75.13302735342153,017601
40.04145350327772,-75.0541662227418,031502
39.96362547077676,-75.16760383196286,013402
40.0365654100214,-75.12921168572906,027401
40.0060839664504,-75.21231689949815,012203
39.9481876898206,-75.15181107643879,001001
39.92307984072389,-75.17803951545956,003800
40.02328672996296,-75.12370376394959,028800
40.05759541204616,-75.14369284241918,026700
39.91708189227924,-75.24561317423328,006300
39.9647538100744,-75.17058983239394,013402
39.95553074367567,-75.16671374443266,000300
40.01560088894247,-75.07820024074911,030000
39.94109796177632,-75.14650516166706,001600
40.00020425803878,-75.12816435660828,019501
40.0216037499174,-75.07951731530534,030200
39.93008114803288,-75.18544231803364,003600
39.98178936610727,-75.18114333193985,014900
39.98950637906848,-75.15743481171081,016702
39.94357683572564,-75.166817300137,001400
39.98177344078613,-75.16520621605834,015300
40.02460355525282,-75.22110096387475,021000
40.07196756561604,-75.16137160711875,026301
39.96935745765487,-75.1320859279085,014300
39.99127490052584,-75.12324161399877,017702
39.976028706119095,-75.26406381247932,009801
40.06230607011256,-75.02229331168824,034801
39.95499311602208,-75.17042212774008,000404
39.937101877311854,-75.17726648727515,002100
40.10920605402261,-74.98404623902144,036400
40.07251563938912,-75.0757525732304,034000
39.94635254754815,-75.23908484989612,008101
39.94954269481649,-75.1427822414374,000101
39.99682851945797,-75.17237222548194,017202
40.05864896547914,-75.05956029652647,033600
40.04124405010537,-75.02974303846392,033102
40.07115211279336,-75.20078640713358,025700
40.02153374284645,-75.148170806788,028300
39.94599369887926,-75.15942391912785,001102
39.945160254389286,-75.170262355714,001204
39.96664587503231,-75.24194744395452,009600
40.06246188255456,-75.05593764423871,033600
39.93522236557413,-75.157332360001,002400
39.98743782508578,-75.16601558235413,015200
39.98657585333712,-75.1565958135535,016702
39.95096093184328,-75.17027371662594,000701
39.91368636523725,-75.24284774073529,006000
39.97654633569277,-75.2326192087382,011200
39.94397201975213,-75.16733730949309,001204
39.96854499500975,-75.17484570512072,013500
39.99404655274012,-75.13200950851018,017601
40.0084357586528,-75.15034942337631,020300
39.95488208529317,-75.19956850451162,008801
40.12046205882736,-75.01623520384514,035900
39.99805697652231,-75.17241176466243,017202
40.1196364778862,-75.01826576215863,035800
39.96188929159574,-75.22626909993626,009300
39.90262704625312,-75.2404696919723,005600
40.05720286858911,-75.04824638176855,033400
39.93626436229516,-75.21863771936992,007000
40.02961455838327,-75.08480887253286,030200
39.9234544168074,-75.23431324450195,006300
39.94248078677799,-75.16501396551442,001500
40.01428307160848,-75.17752642009286,017000
39.95084510792103,-75.1614295487704,000500
40.02497573519364,-75.22187881812104,021000
40.02540059253288,-75.17554623320339,024000
39.95926060895568,-75.22112438620226,008500
39.98233026950938,-75.23924348041885,011400
40.02459231525653,-75.22102915707467,021000
40.03471025930183,-75.13122422062419,027500
39.99607543017744,-75.21679999297493,012204
39.97208251608748,-75.24859883108857,010000
40.05723505764256,-75.04705895684567,033400
39.92577380158712,-75.1855825524627,003702
39.97531710261075,-75.11732865719755,037800
40.05094943041655,-75.09466350653416,030600
39.95239719162232,-75.17041629912475,000404
39.95204492051136,-75.17167010814862,000404
39.99983259527971,-75.16488268764229,017300
39.93413087521876,-75.18018259476575,003100
39.940259635607575,-75.21894061053837,007400
39.93620025770072,-75.15220485974379,002500
40.04860879618872,-75.1504395438765,027700
39.94862838967556,-75.17401954487968,000803
40.04497698459068,-75.1453681572183,027800
39.99216793045581,-75.12885189475135,017601
40.00039705288764,-75.16674826110756,017201
39.93393596500768,-75.16522429299775,002300
39.96775914706036,-75.14825916222277,014100
39.91989310560531,-75.17337411870915,003902
39.94908094650727,-75.23924156633625,008101
39.9463407046304,-75.15510397224405,000902
39.92369769352239,-75.16594034273328,004001
39.95354136279995,-75.16872354225143,000404
39.99154912935299,-75.15981758887351,016702
39.94558053133503,-75.21374560930772,007800
40.064536892468205,-75.15289963639542,026600
40.03395806946728,-75.14451113533991,028200
40.026114349477616,-75.22468945132347,021400
39.9786441877916,-75.26828144604147,009801
40.06807778701872,-75.19740024182754,025700
39.954686761712175,-75.18846806849363,036902
39.97320217381012,-75.22300159676513,011100
40.056314280653325,-75.15655101508831,026500
40.02652992104407,-75.08459225672324,030200
39.97473139775023,-75.23517324376384,011200
40.0004511939902,-75.14750745441629,019900
39.97901433661056,-75.15727463955379,014600
39.94874349153079,-75.14433155135491,000101
40.05770853635384,-75.1396619392396,026800
39.96884783693128,-75.21193881537118,010500
40.05038668076024,-75.00952048757675,034900
40.04464459195383,-75.1499072049794,027901
39.97623558960368,-75.12033878828375,016001
39.92966688806379,-75.16329983882164,002802
39.92988438494751,-75.17855213418723,003100
40.00173555640296,-75.06545026166127,018400
39.99832670087344,-75.10504718053875,018801
40.07301568474216,-75.01336461222874,980300
40.0506984880228,-75.15529041290688,027700
40.01003558811522,-75.06898546710215,038100
39.97787035360653,-75.13155169084271,015700
39.98853250469004,-75.09174798074362,037900
40.09917938238648,-75.01094065015745,036000
39.93858975981555,-75.15266863632802,001700
39.93123195645615,-75.15651326611044,002801
40.0679064408446,-75.19670529202858,025700
39.93881472874666,-75.16707010727582,001900
39.96607226877981,-75.20848302955322,010600
39.9517767522069,-75.16926235550156,000404
39.98672696555378,-75.15655234357621,016702
39.948625706271365,-75.1656304029275,000806
40.07008323103791,-75.1576064493495,026302
40.01292641934332,-75.08669448858889,029400
39.93855725456741,-75.1691741238792,001900
39.99893826296865,-75.12894590410542,019501
40.067013794158086,-75.1465472360101,026600
40.00005051038261,-75.07234125927253,018300
40.03364063368368,-75.03565513641965,033000
39.93610642495862,-75.18206179807923,002000
39.95097938026984,-75.15974132771707,000500
39.92650428212063,-75.23354819673936,006600
40.04909840499536,-75.09574686390839,030600
39.9223834111538,-75.15060748051053,004201
39.95855212191034,-75.23144352327314,008400
40.02642753510703,-75.21195980616065,021000
39.91735247234308,-75.16562586933604,004002
39.91158628469552,-75.24209237315358,006000
39.98325045247464,-75.10206824879504,018002
39.97217188535485,-75.13463382083552,014400
40.04329349499061,-75.14465987860463,027800
39.96429886840136,-75.2037791596505,010700
39.93311623278907,-75.15414460403798,002500
40.0352912927444,-75.17359102478565,024600
40.00761805662383,-75.1912742614655,017000
39.93404419782736,-75.17720135979197,003100
39.97933777145349,-75.12541379712093,016002
40.056157335745816,-75.17239652111347,038900
40.00347865304703,-75.15044535971062,020000
39.91921179184349,-75.1486773604935,004201
39.93472143141437,-75.18110050510016,003200
39.94075766139847,-75.16115296896085,001800
39.99910903947988,-75.17099151013166,017202
40.04539988281228,-75.16438488072235,024700
39.94611920179168,-75.16448576609697,001101
40.03083204341728,-75.1659737666707,024500
40.04273485201337,-75.12883867053134,027401
39.95400001105981,-75.15484285483477,000200
39.9531711987154,-75.16733190963647,000403
39.95926929626128,-75.19455882277387,009100
39.93504307074053,-75.17938649222243,003100
40.0347769674249,-75.12116249049276,027300
40.03505749567629,-75.17422757919982,024100
40.03964881823872,-75.03214191509137,032900
39.9541452532073,-75.22799148212872,008500
39.96872618008036,-75.17816661143321,013601
39.97660127232084,-75.25292881981203,011500
40.04267635906057,-75.14472959605402,027800
39.93662425871459,-75.16212306085093,002400
40.03582939969829,-75.04331492074836,031501
39.94889423637319,-75.21688357360638,007900
40.02008348518567,-75.13925767705362,019700
39.95254400236587,-75.20182003362464,008802
40.06907429406591,-75.18117567176294,026100
39.96712216965869,-75.17579166779318,013401
40.069507791287165,-75.19926247774279,025700
39.91497005262739,-75.15851616358378,037200
39.9778386571162,-75.1294935138933,015800
40.00609943282095,-75.15027404824973,020000
39.95708405186748,-75.1606638721775,000200
39.92485806272247,-75.17059321539034,003901
39.92512091072111,-75.17272303770599,003901
40.01056142293199,-75.13801554364565,019800
39.98668800877534,-75.16922801469379,015200
39.99055623529176,-75.11621820870096,017800
40.03334702995191,-75.17465826629959,024100
39.93703218438591,-75.15002549015745,001700
39.99239271955452,-75.14752791890392,016400
40.0000593451592,-75.21469936613425,012204
39.92634827088061,-75.16738634476928,004001
40.04526532775216,-75.16401833430278,024700
40.01814307672831,-75.11115615798234,028901
39.94190881416357,-75.1528247297541,001500
39.92059635617719,-75.1494864018206,004201
39.95574483481364,-75.22606308713011,008500
39.93997591491637,-75.15787338718576,001800
40.04157701450645,-75.10585089632198,030502
39.97788559739698,-75.17002487897958,013900
40.0355968189284,-75.21676402160416,021200
39.9419185101366,-75.15331504445558,001500
39.92891741578496,-75.16513248947594,002900
39.94121127677349,-75.14691105551437,001600
40.07732657875172,-75.1973483522028,025700
40.0177284817448,-75.06019388923471,032100
40.0390151112429,-75.17085933413065,024700
39.95498597193694,-75.19397283999545,036902
40.09257679394357,-74.96274048920783,036301
39.960314717613,-75.22523227880221,009300
40.03171395999819,-75.05387542486767,031600
40.0788578105949,-74.97848347266677,036202
40.02530000152026,-75.22266017705164,021400
39.91543283082424,-75.23883492898806,006000
39.9958235029024,-75.15524988521676,017300
40.048348021700455,-75.01205962887835,034900
39.95556066862749,-75.15449958335729,000200
39.949222630127615,-75.21352604545163,007900
40.01457885901178,-75.08608415589671,029300
40.02909135251296,-75.20660724230125,021100
40.0002332190836,-75.12865119503368,019501
39.96064364973781,-75.2408525897417,008302
39.9729064917962,-75.15863286222557,014100
39.92429365305912,-75.2278003511577,006700
39.96463527847983,-75.22411164926852,009300
39.99957792455224,-75.16698029214396,017201
39.99728528759952,-75.1297440075837,017602
39.98759238876069,-75.09205724758253,037800
39.94555139176818,-75.23855329595128,007200
40.02989051338992,-75.08404692355349,030200
39.96418848400764,-75.19135311434175,010900
39.9345070773127,-75.16903885386039,002200
40.02613813383452,-75.13704810577194,028400
40.00793986287128,-75.2053531291155,012203
39.96313913981565,-75.14126289322921,036700
40.02048550107576,-75.1173795027253,028901
40.02495033974154,-75.14713799073716,028300
39.94198847189234,-75.15090212124032,001001
39.96309434375824,-75.20264988419422,010600
39.9318878050661,-75.1591917141446,002802
40.03080101433872,-75.17860340469177,024000
40.08528988365877,-75.03801016325191,035500
40.0244188510918,-75.13294113196181,028600
39.94091896813469,-75.23400644487673,007200
39.96774836758243,-75.13859534845257,014202
40.0096828932362,-75.13653151716123,019800
39.94722773140352,-75.15947341055193,000902
39.96030732120568,-75.22517556838285,009300
39.927259612531344,-75.1487249965118,002702
39.97697100618117,-75.21398815340598,011100
39.94216639714151,-75.1518623771747,001001
40.03982588130224,-75.12375025742068,027402
39.95558465246442,-75.22550997783765,008500
39.97125131374487,-75.241981571702,010100
40.05545021434267,-75.15857459446264,024900
40.00726597101982,-75.13342434334274,038301
39.9992001525814,-75.10110503350678,018802
39.9789426051009,-75.13490551811823,015700
40.0626990649904,-75.02206548966807,034801
39.98335273519261,-75.14693300196082,037700
39.92970496880688,-75.16340961702193,002802
39.96889477577312,-75.14146255426496,014201
40.03981664544028,-75.1101041407336,029100
39.944660823331255,-75.15950969189997,001102
39.949783101411015,-75.17037315530783,000805
39.96197198613503,-75.1557061491705,037600
39.96985907274679,-75.14396414253874,014201
39.95005178410696,-75.16259107637926,000600
39.93163805437516,-75.1663271232422,002900
39.91932749426256,-75.1711622398753,003902
40.02249404011972,-75.09406852098193,029200
40.08089734662958,-75.17266598778882,025900
40.03492157099839,-75.21721205578415,021300
39.950485474723486,-75.1626733154552,000600
40.05793336860591,-75.02677867746571,034702
39.93081631356266,-75.16202314249828,002802
39.94172318156112,-75.15189959871212,001600
39.94256858634747,-75.17901996485416,001302
40.04567906642231,-75.02629839647346,033102
39.93652583928957,-75.1737439609514,002100
39.96345402040952,-75.1426673480786,036700
39.94939279913444,-75.14249355520643,000101
39.96127269389776,-75.23306117285533,009400
39.994932904395775,-75.15405099186285,017400
39.95119937868333,-75.1741190864522,000702
39.99701112445732,-75.11926978282787,017701
39.92554139334288,-75.17973340984761,003702
39.97127364026439,-75.17760336105613,013602
39.94405148108521,-75.16753827110209,001204
40.06735932478128,-75.16049371448304,026302
39.93949605123813,-75.1558838994571,001800
40.02303843027581,-75.12481430832909,028800
39.92948501548938,-75.16137779056474,002802
39.94883310970387,-75.1663278173065,000806
39.9621717737041,-75.24445147126607,008301
39.941826555099546,-75.17947968254927,001302
40.07669155250949,-75.20864766808971,038500
39.97914097490865,-75.16293000723952,014700
39.99116317532189,-75.1225737012855,017800
40.05658736639232,-75.08833945676815,030700
40.031294835441365,-75.15273522611986,028000
39.99536196561756,-75.09226451372325,037900
40.08380077116146,-75.00671518768976,980300
39.958437190326336,-75.15071488873768,037600
39.95143382918,-75.17280521860859,000701
39.99825869060816,-75.1291858014475,017602
39.97469414330904,-75.18244493959675,013702
39.94112844926092,-75.14908775991611,001600
40.03356359783995,-75.03750486288169,033000
39.96950412743331,-75.21182724707174,010500
39.92378554966616,-75.16310303999944,004001
39.9716827955676,-75.24456367033052,010100
40.07129167150168,-75.1579543433277,026302
39.96962990705008,-75.16356444276168,013300
39.93451594435339,-75.1439043219672,036600
39.92912301711112,-75.15656337645355,002801
39.95033898230309,-75.16300347320156,000600
40.00949528783436,-75.10671329040795,019100
40.06616935765064,-75.15940815961407,026302
39.996866815796,-75.09365774776565,038200
39.94085147103228,-75.15182948550081,001600
40.031096744797175,-75.126690321651,028600
39.92531281412505,-75.17541264015968,003901
40.05855054840535,-75.0530143940371,033400
39.993024138867696,-75.14545200945915,017500
39.92957370236034,-75.18812392796582,003600
39.95536715128716,-75.22614128430543,008500
39.93039486668084,-75.14488304650436,036600
39.94922279961376,-75.21368533603061,007900
39.94417431258503,-75.20967449340532,007400
40.04405271496302,-75.07253075998247,031300
39.97876121407358,-75.11915468122261,016001
39.9906057685042,-75.11496348256965,017800
40.01755709681783,-75.21120947197632,020900
39.99077673947133,-75.1208220646164,017800
39.95160728393966,-75.22635688183409,008000
39.94484596273347,-75.14953368940061,001002
39.93450944555308,-75.17939356910723,003100
39.93842182752765,-75.23204953127282,006500
39.918972072795896,-75.1688240587255,004002
40.08295537740644,-75.0274510412125,035500
39.9316562188268,-75.16850040366538,003002
40.006830164843365,-75.15468712460549,020101
39.93702350205543,-75.1762213903754,002100
39.99886312921099,-75.12982750829062,019501
39.96149904527645,-75.1569819988762,037600
40.05044435712991,-74.98493033242626,035100
39.97083348825526,-75.15691297455038,014100
39.92839741887362,-75.1865936871142,003600
39.94980931538535,-75.16035489487753,000600
39.92618348296413,-75.15403691088741,002701
39.95312718470792,-75.21878327222397,008601
39.9328592182188,-75.16595192674946,002900
39.92251590163804,-75.22908492290212,006700
40.10026821727661,-74.99828578390608,980300
39.99306618312856,-75.11918969378873,017800
40.06065051774528,-75.08192786091604,033800
39.9661479661432,-75.19100218904481,010900
39.94124665435002,-75.14723129084277,001600
39.95503617647669,-75.2021173297025,008802
40.04337663293372,-75.10319730915475,030502
39.91314312677727,-75.15557657013149,037200
40.02642054028518,-75.1362992189828,028400
40.015425897477,-75.13930582904766,019700
39.90227306959908,-75.18805021577893,037300
39.94889578083156,-75.16266319011123,000901
39.9887720942945,-75.1061404059618,038200
39.92223407487568,-75.17370340917208,003901
39.955313292733,-75.16452861971372,000300
39.99831198249564,-75.10960709394638,018801
39.92590595071498,-75.17311753747236,003901
39.93977732988471,-75.15627055867657,001800
39.92217229478762,-75.23079501352521,006200
39.99011821990428,-75.09219560114077,037900
39.98599167501549,-75.11146923397946,017900
39.97336402870005,-75.22062048797716,011100
39.98118846483446,-75.1237360369536,016002
40.04410590736258,-75.18164246326724,023800
39.98144846043402,-75.1321090060257,016100
40.02352368543939,-75.2080330479798,021000
39.944564786242815,-75.17176596464705,001204
40.01153799196042,-75.08906111949103,029300
39.97091881921372,-75.24037653519943,010100
39.90370949317296,-75.1968910941698,980905
40.04356976807648,-75.06216121066768,031402
39.92272395699722,-75.18592056546183,003702
40.01090038994128,-75.13789572547441,019800
40.039102505381535,-75.03533845992824,033101
39.9957814861038,-75.14299959363044,017500
39.99287140100147,-75.14040628534629,017500
40.04115371378333,-75.17823490044803,025200
40.03653412727304,-75.0318011470998,033000
39.93038756842672,-75.14955083582696,002702
39.94956062472416,-75.1431470742981,000101
39.925295359470674,-75.17790085612862,003702
39.924250016618544,-75.17007892961635,003901
40.014102947263446,-75.1390035081653,019700
40.05503675585816,-75.08768925080993,030700
39.9265055336948,-75.1517509893269,002702
39.976191912930375,-75.23593969094578,011200
39.97275634573365,-75.15966022131514,014000
39.9587978363518,-75.22485548760555,008500
40.03036060718098,-75.06475417014,031700
39.95100400004944,-75.17070480320935,000701
40.0623426009256,-75.05604892045669,033600
40.00124816857628,-75.0663199823618,018400
39.95076633300904,-75.17084068164031,000701
39.95127340141608,-75.1643126257657,000403
40.0257053047422,-75.14278704966176,028300
40.0431782819048,-75.0526769421634,031502
39.94517546148312,-75.16060374908432,001101
39.957971059929314,-75.22430640842018,008500
40.06824118082661,-75.15736198782305,026302
40.07996112737239,-75.17269829601464,025900
40.07847043560962,-75.02909788774048,034600
40.06086318122309,-75.16722373053598,026400
39.99268167492284,-75.13140326677699,017601
39.996770983575445,-75.13873126694658,017601
40.02055071558297,-75.11792583548804,028901
40.00629077648984,-75.12539232161575,989300
39.99369320153588,-75.11889772688403,017701
39.96983908657352,-75.16444593187252,013500
39.94253690023356,-75.14959769297232,001002
39.95801682757829,-75.20660029874664,009200
39.986455479747725,-75.23172486015804,011900
40.01287967021096,-75.08673742512997,029400
39.97549174652752,-75.24523691761513,011400
39.96460559074024,-75.23804451272414,009500
40.1072500349992,-75.03749942464347,035702
39.9136600106733,-75.24400753810286,005500
39.95716021650277,-75.22581997995331,008500
39.944462923101455,-75.15792052898533,001102
39.91922203560288,-75.22866190735714,006200
40.00185263846559,-75.10592401902348,019100
39.92190857167438,-75.23116440057257,006200
39.98469853762988,-75.17829483349489,015102
39.97919389059832,-75.16330549273927,014700
39.93433699739823,-75.17030916848255,003002
39.9955032676172,-75.12954433223756,017602
39.94515310762844,-75.17909405685774,001302
39.93990330030567,-75.1578878703452,001800
39.96151515305365,-75.1452133776638,036700
39.95462711570031,-75.20336920129517,008802
39.96377770469,-75.22091990004759,009300
39.95192523373167,-75.14442784477683,000101
39.98471041686136,-75.12116428795166,016100
39.96270213752717,-75.24480871466017,009600
39.96481890630728,-75.1402648371819,014202
39.97349797188412,-75.15848348761219,014100
39.95040578628439,-75.14482353035669,000101
39.97507869494876,-75.24963427743943,011500
39.95954263002484,-75.23053522243384,008500
39.98628039844327,-75.10475525532092,018002
40.05341002892492,-75.06929124376583,033500
40.02214327045522,-75.09064909035489,030100
39.95567338909499,-75.23294182948818,008400
40.01958183231408,-75.21010615588908,020900
39.92746140761405,-75.24255487806042,006400
39.94906604850191,-75.15988771786346,000600
39.93396365528508,-75.22166890396782,007000
40.0259083571468,-75.04416223215848,032500
39.94097340301728,-75.14525535678672,001600
39.96852673742016,-75.17852234805339,013601
39.94921211724631,-75.16869191568367,000805
40.02920499804876,-75.08488901563446,030200
40.02914058970983,-75.08490123105365,030200
39.95778635224996,-75.13734260631867,036600
39.95571430067741,-75.24180526963353,008302
40.02528632978171,-75.04399965390266,032500
39.96272412770293,-75.2449777639889,009600
39.9480023129285,-75.16921091862777,000805
39.94862413702804,-75.14474986768046,000101
40.096123444550805,-75.01474057893486,036000
40.0315989822036,-75.21168208181037,021200
39.95247556688869,-75.16738856534054,000403
40.04401985360724,-75.0878416799464,030900
39.96074490098078,-75.1693526894042,012502
40.03558067965192,-75.10740857494433,029100
39.92973974334912,-75.16128304811988,002802
40.07782060790922,-75.04283657683129,034502
39.96022708571247,-75.16866923570318,012502
39.91578477232503,-75.16483980133991,037200
40.0555181290601,-75.09523498501514,030600
39.98434261024634,-75.2309869426664,011900
39.9382539678174,-75.15818718478612,002400
40.05492123989956,-75.06307806395976,033500
39.92805652309245,-75.23124591591302,006600
39.9220116939342,-75.14974029233173,004201
39.9571669342912,-75.23351503741915,008400
39.96583402341388,-75.22804327305028,010200
39.9733137596881,-75.23293232185728,011200
39.9470077518812,-75.14692503485466,001002
39.96044697530861,-75.22659396642611,009300
39.98735262809407,-75.14110049755551,016400
39.97501265678604,-75.18360238579976,013702
39.95175701662952,-75.15407936855541,000500
40.05699945345928,-75.14899769839973,026700
39.98201259191249,-75.11874664791533,016001
40.057574926336976,-75.01529436633066,034801
39.96572630347181,-75.20591341787215,010700
39.88770686346256,-75.24719784102221,980901
39.998819488785486,-75.10957910016376,019200
39.95591354279111,-75.20236717486429,008802
39.9320645682887,-75.17158543697822,003002
39.92873228222432,-75.23773907781474,006400
40.05650205308648,-75.14909070403323,026700
39.94379809247932,-75.16819639688345,001400
40.057110959356926,-75.0134447984566,034802
39.95194418511917,-75.15511661377117,000500
40.008437047557,-75.19365834681656,020701
40.02898617584125,-75.14725836226853,028100
40.0332072723081,-75.07173795251629,031700
40.00057716764746,-75.0981373325163,038200
40.0136489713052,-75.1377856245078,019700
40.11929192523824,-75.01556293957997,035900
39.98044141573518,-75.17299008808793,014900
40.00907415396578,-75.10990941136912,019100
39.95287511985882,-75.23270426759713,008102
39.99405552851373,-75.16970991675862,016800
39.98306884655543,-75.1327110037822,016200
39.98680445054124,-75.12333827460421,016100
39.96470414889143,-75.23638926603941,009500
40.03610998933773,-75.03962481745882,033000
40.06975404469989,-75.15750604309223,026302
40.01067213096034,-75.15162175342627,020102
40.0610917861062,-75.0840194332361,030700
39.92893966443471,-75.17873789348087,003701
39.91937154614634,-75.1873343798535,003800
39.95112787024063,-75.17711925112071,000702
